ProbeID,Module,ModuleColor
10828154,0,grey
10911747,2046,white
10741756,0,grey
10867810,2046,white
10725302,2046,white
10733017,0,grey
10741778,0,grey
10940654,0,grey
10882672,0,grey
10817183,2046,white
10791478,0,grey
10898561,0,grey
10861736,0,grey
10722992,2046,white
10849290,2046,white
10822294,0,grey
10781166,2046,white
10822299,0,grey
10797258,2046,white
10740713,0,grey
10826725,2046,white
10824732,0,grey
10890729,2046,white
10866658,2046,white
10903227,2046,white
10724311,0,grey
10822285,0,grey
10832124,2046,white
10866361,2046,white
10796411,0,grey
10726979,2046,white
10890547,2046,white
10911287,2046,white
10839367,0,grey
10866636,0,grey
10825362,0,grey
10855701,0,grey
10809399,0,grey
10844331,2046,white
10769385,2046,white
10809392,0,grey
10817186,0,grey
10892184,0,grey
10830624,0,grey
10940554,2046,white
10703564,0,grey
10822242,0,grey
10908879,0,grey
10854832,0,grey
10843184,0,grey
10750545,0,grey
10814105,2046,white
10793579,2046,white
10765090,0,grey
10876719,2046,white
10872531,2046,white
10911999,2046,white
10754235,2046,white
10940466,2046,white
10803653,0,grey
10770888,0,grey
10827989,0,grey
10717955,2046,white
10854847,0,grey
10761128,0,grey
10929286,2046,white
10705872,0,grey
10901251,2046,white
10726280,0,grey
10702068,2046,white
10751404,0,grey
10916408,2046,white
10875267,2046,white
10706197,2046,white
10741947,0,grey
10899145,0,grey
10871337,2046,white
10732190,2046,white
10837537,0,grey
10749612,0,grey
10878767,2046,white
10863221,0,grey
10794172,2046,white
10700042,0,grey
10840900,2046,white
10770795,2046,white
10767001,0,grey
10909646,0,grey
10835975,2046,white
10921288,2046,white
10782020,0,grey
10878780,0,grey
10806089,2046,white
10876420,2046,white
10815679,0,grey
10715531,0,grey
10762140,2046,white
10758457,0,grey
10919897,2046,white
10813236,0,grey
10908861,0,grey
10891120,2046,white
10706117,2046,white
10798455,0,grey
10864900,0,grey
10926564,2046,white
10736697,0,grey
10841348,0,grey
10940565,2046,white
10838155,2046,white
10724315,0,grey
10940492,0,grey
10928837,0,grey
10936482,2046,white
10909866,0,grey
10903831,0,grey
10769361,2046,white
10894681,0,grey
10779673,0,grey
10700029,0,grey
10907738,0,grey
10812146,2046,white
10804480,2046,white
10912845,2046,white
10915061,2046,white
10818262,0,grey
10827906,2046,white
10712090,0,grey
10863695,2046,white
10705420,0,grey
10796018,2046,white
10802013,0,grey
10735315,0,grey
10930560,0,grey
10870261,0,grey
10937827,0,grey
10842596,0,grey
10873786,0,grey
10770410,0,grey
10800590,0,grey
10796445,2046,white
10712743,2046,white
10767290,2046,white
10909347,0,grey
10824689,0,grey
10936637,0,grey
10876313,0,grey
10930564,0,grey
10818793,0,grey
10793458,0,grey
10794464,2046,white
10710846,0,grey
10932534,2046,white
10812156,2046,white
10921936,2046,white
10934940,0,grey
10749854,0,grey
10762871,0,grey
10935928,0,grey
10855853,2046,white
10757715,0,grey
10892702,2046,white
10915968,2046,white
10869808,0,grey
10930624,0,grey
10905192,2046,white
10805347,0,grey
10804288,0,grey
10732207,2046,white
10877916,2046,white
10816886,2046,white
10878428,2046,white
10827582,0,grey
10770342,0,grey
10768642,2046,white
10751448,2046,white
10863686,0,grey
10881303,0,grey
10752769,0,grey
10803305,0,grey
10756799,0,grey
10867165,0,grey
10744494,0,grey
10813563,0,grey
10864769,2046,white
10910117,0,grey
10729269,0,grey
10940643,0,grey
10792859,0,grey
10937762,0,grey
10733039,2046,white
10902868,0,grey
10938722,0,grey
10756343,0,grey
10839400,2046,white
10820502,0,grey
10874193,0,grey
10882496,0,grey
10744134,2046,white
10845977,0,grey
10724319,0,grey
10933957,0,grey
10725778,0,grey
10812416,0,grey
10859136,0,grey
10845647,0,grey
10899055,2046,white
10790712,0,grey
10861242,0,grey
10866512,2046,white
10802700,2046,white
10813646,2046,white
10923620,2046,white
10889219,0,grey
10713555,0,grey
10878548,0,grey
10702562,2046,white
10868289,0,grey
10928563,0,grey
10781775,0,grey
10931410,0,grey
10804508,0,grey
10935289,0,grey
10773452,2046,white
10712309,0,grey
10844149,2046,white
10889360,0,grey
10768569,2046,white
10763850,0,grey
10938219,0,grey
10772655,0,grey
10876834,0,grey
10806014,0,grey
10705511,0,grey
10719561,0,grey
10926125,0,grey
10765772,0,grey
10794779,2046,white
10851380,0,grey
10769349,0,grey
10937356,2046,white
10876069,0,grey
10787808,0,grey
10732821,0,grey
10769885,0,grey
10904169,0,grey
10880436,0,grey
10909368,0,grey
10903267,0,grey
10767371,2046,white
10899868,2046,white
10870014,0,grey
10726682,0,grey
10876060,2046,white
10866709,0,grey
10940491,0,grey
10940627,0,grey
10835355,0,grey
10842018,2046,white
10772169,0,grey
10865622,0,grey
10760455,0,grey
10714794,0,grey
10883858,2046,white
10919555,0,grey
10880683,0,grey
10883785,0,grey
10813271,0,grey
10776809,0,grey
10729970,0,grey
10926098,0,grey
10866606,0,grey
10738469,0,grey
10727429,0,grey
10788666,0,grey
10710258,0,grey
10827517,0,grey
10890858,0,grey
10737920,2046,white
10937400,0,grey
10901563,2046,white
10940568,0,grey
10799745,0,grey
10723020,0,grey
10760196,2046,white
10796941,0,grey
10849700,0,grey
10878910,2046,white
10892968,0,grey
10862586,2046,white
10798494,0,grey
10777037,0,grey
10770541,0,grey
10861923,0,grey
10940488,0,grey
10801783,2046,white
10754880,0,grey
10905753,0,grey
10817535,0,grey
10825144,0,grey
10802128,0,grey
10813721,0,grey
10797726,2046,white
10757082,0,grey
10733680,0,grey
10854406,0,grey
10924918,2046,white
10841718,0,grey
10842143,2046,white
10880805,2046,white
10940508,0,grey
10742483,2046,white
10718134,0,grey
10765399,2046,white
10877446,2046,white
10920122,0,grey
10918392,2046,white
10905817,0,grey
10819828,2046,white
10878787,0,grey
10828081,2046,white
10839254,0,grey
10934500,2046,white
10861033,2046,white
10804396,0,grey
10738399,0,grey
10835817,0,grey
10839443,0,grey
10774894,0,grey
10862694,0,grey
10769887,2046,white
10713467,2046,white
10899139,0,grey
10854737,0,grey
10905815,0,grey
10815998,0,grey
10930600,0,grey
10751599,0,grey
10747910,0,grey
10784517,0,grey
10903346,2046,white
10940455,0,grey
10817065,0,grey
10760811,2046,white
10796440,0,grey
10714116,0,grey
10932013,0,grey
10812899,0,grey
10818821,0,grey
10830003,2046,white
10759762,2046,white
10726085,2046,white
10798100,2046,white
10747262,0,grey
10751767,2046,white
10930574,0,grey
10864402,0,grey
10818376,0,grey
10886378,0,grey
10940490,0,grey
10726611,2046,white
10778661,2046,white
10868506,2046,white
10926958,0,grey
10861024,0,grey
10921239,0,grey
10878112,0,grey
10702196,0,grey
10912841,0,grey
10910754,2046,white
10791631,2046,white
10796016,0,grey
10713568,2046,white
10800919,0,grey
10840272,0,grey
10826723,2046,white
10794866,0,grey
10842203,0,grey
10736232,2046,white
10715400,0,grey
10901178,2046,white
10746483,0,grey
10718102,0,grey
10895797,2046,white
10855674,0,grey
10862675,0,grey
10936480,0,grey
10723441,2046,white
10776291,0,grey
10803301,0,grey
10918027,2046,white
10899824,2046,white
10832677,0,grey
10928522,0,grey
10895499,0,grey
10840347,0,grey
10847761,2046,white
10896020,2046,white
10864773,0,grey
10892704,0,grey
10940651,0,grey
10911145,0,grey
10940557,2046,white
10890860,2046,white
10867008,0,grey
10874641,2046,white
10700873,0,grey
10873378,0,grey
10850758,0,grey
10937867,0,grey
10827609,0,grey
10734817,0,grey
10770710,0,grey
10810295,0,grey
10827454,0,grey
10866283,0,grey
10888941,0,grey
10752081,0,grey
10762658,2046,white
10774372,0,grey
10717331,0,grey
10787069,0,grey
10881922,2046,white
10869106,2046,white
10785244,0,grey
10856053,0,grey
10909892,0,grey
10776237,0,grey
10921951,0,grey
10896225,0,grey
10938950,2046,white
10912161,0,grey
10938895,2046,white
10863660,0,grey
10772982,0,grey
10772984,0,grey
10865868,2046,white
10787396,2046,white
10926965,2046,white
10863692,0,grey
10896028,2046,white
10923127,2046,white
10734873,0,grey
10748466,0,grey
10775927,0,grey
10728494,2046,white
10799502,2046,white
10934566,0,grey
10798490,0,grey
10940489,0,grey
10828433,2046,white
10883219,0,grey
10940689,0,grey
10819644,2046,white
10905530,0,grey
10909509,2046,white
10901231,0,grey
10730322,2046,white
10733063,2046,white
10812216,0,grey
10783805,2046,white
10739541,0,grey
10888125,0,grey
10795105,2046,white
10829888,2046,white
10940574,0,grey
10900306,2046,white
10935762,0,grey
10807514,2046,white
10728736,0,grey
10869047,0,grey
10919375,2046,white
10893361,2046,white
10798488,0,grey
10729795,0,grey
10840791,0,grey
10775997,0,grey
10852740,2046,white
10707137,0,grey
10798497,0,grey
10777116,0,grey
10813330,2046,white
10890572,0,grey
10838383,0,grey
10841481,0,grey
10828737,2046,white
10930562,0,grey
10836067,0,grey
10722949,0,grey
10905558,0,grey
10860327,2046,white
10821698,0,grey
10850966,0,grey
10727922,2046,white
10787301,0,grey
10835645,0,grey
10798218,2046,white
10918838,0,grey
10749058,0,grey
10870043,0,grey
10923855,2046,white
10863900,0,grey
10781581,0,grey
10802513,0,grey
10930578,0,grey
10799940,0,grey
10839876,2046,white
10750731,2046,white
10726080,2046,white
10811999,0,grey
10897529,2046,white
10768857,0,grey
10939336,0,grey
10865129,0,grey
10911802,0,grey
10918822,0,grey
10884738,2046,white
10759492,0,grey
10909521,0,grey
10720713,0,grey
10788437,0,grey
10900601,0,grey
10832175,2046,white
10902467,0,grey
10741701,2046,white
10803878,0,grey
10738409,0,grey
10736053,2046,white
10930557,0,grey
10936312,0,grey
10716085,2046,white
10714128,0,grey
10867821,0,grey
10883459,2046,white
10797169,2046,white
10886629,2046,white
10828351,0,grey
10782917,0,grey
10829688,0,grey
10895022,0,grey
10937820,0,grey
10802853,0,grey
10776912,2046,white
10749675,2046,white
10795280,0,grey
10795297,0,grey
10787960,2046,white
10823278,0,grey
10898003,0,grey
10890238,0,grey
10916432,0,grey
10717434,0,grey
10929572,2046,white
10930790,2046,white
10789275,2046,white
10910547,2046,white
10750454,2046,white
10936048,2046,white
10714736,0,grey
10706503,0,grey
10899964,0,grey
10764221,0,grey
10930582,0,grey
10729816,2046,white
10806200,0,grey
10805652,0,grey
10851795,0,grey
10776679,0,grey
10797763,0,grey
10930604,0,grey
10755184,2046,white
10847922,0,grey
10873760,2046,white
10796677,2046,white
10806628,0,grey
10785933,2046,white
10744947,2046,white
10751352,0,grey
10916014,0,grey
10778888,2046,white
10783080,0,grey
10713825,0,grey
10747813,0,grey
10728561,0,grey
10728563,0,grey
10911795,0,grey
10714745,0,grey
10880095,0,grey
10753005,2046,white
10896533,0,grey
10827515,0,grey
10868673,2046,white
10918670,0,grey
10709784,0,grey
10728182,2046,white
10780990,0,grey
10863093,2046,white
10765811,0,grey
10742254,0,grey
10893849,0,grey
10871997,0,grey
10835692,0,grey
10864893,0,grey
10728453,0,grey
10744766,0,grey
10855676,0,grey
10862661,0,grey
10752839,0,grey
10765019,0,grey
10880678,2046,white
10798499,0,grey
10901055,2046,white
10795265,2046,white
10821556,0,grey
10743452,0,grey
10762217,2046,white
10831090,2046,white
10809643,2046,white
10706236,0,grey
10921850,0,grey
10914316,0,grey
10851157,2046,white
10816873,0,grey
10709779,0,grey
10884904,0,grey
10713789,2046,white
10890354,0,grey
10932422,2046,white
10889455,2046,white
10814098,0,grey
10878895,0,grey
10794969,2046,white
10769870,2046,white
10895397,2046,white
10932740,2046,white
10793390,0,grey
10711125,0,grey
10802007,0,grey
10706586,2046,white
10929536,0,grey
10884352,2046,white
10746952,0,grey
10868252,0,grey
10802593,2046,white
10855555,0,grey
10776256,2046,white
10863282,0,grey
10760088,0,grey
10742388,0,grey
10711664,0,grey
10756253,0,grey
10756255,0,grey
10908100,0,grey
10804522,0,grey
10769807,0,grey
10899405,0,grey
10878063,0,grey
10924248,2046,white
10798461,0,grey
10920109,0,grey
10704411,2046,white
10925255,0,grey
10878709,0,grey
10798580,2046,white
10804954,0,grey
10773002,0,grey
10813678,2046,white
10933449,0,grey
10769370,0,grey
10883583,0,grey
10717440,0,grey
10897760,0,grey
10822220,0,grey
10826818,2046,white
10856230,2046,white
10716060,2046,white
10769629,0,grey
10907524,0,grey
10778918,2046,white
10742740,0,grey
10867731,0,grey
10877005,0,grey
10706219,2046,white
10834406,2046,white
10825472,0,grey
10735662,0,grey
10713452,0,grey
10717591,0,grey
10837038,0,grey
10743387,0,grey
10914478,0,grey
10928427,0,grey
10708535,0,grey
10832566,0,grey
10890299,2046,white
10810649,2046,white
10824892,0,grey
10829690,0,grey
10765293,2046,white
10754735,0,grey
10797935,0,grey
10751890,0,grey
10796416,2046,white
10728383,2046,white
10884917,2046,white
10871610,0,grey
10790966,0,grey
10748800,0,grey
10901711,2046,white
10861309,2046,white
10712578,0,grey
10777032,2046,white
10712867,0,grey
10895075,0,grey
10732652,0,grey
10923345,0,grey
10740869,0,grey
10847995,0,grey
10894695,0,grey
10884924,0,grey
10877189,0,grey
10772986,0,grey
10832563,0,grey
10828344,0,grey
10900803,0,grey
10722655,0,grey
10746469,2046,white
10744460,0,grey
10859939,2046,white
10862501,0,grey
10742474,0,grey
10752334,2046,white
10899619,2046,white
10817537,0,grey
10723523,0,grey
10924217,0,grey
10806311,0,grey
10940520,0,grey
10761047,0,grey
10914308,2046,white
10758031,0,grey
10872093,0,grey
10863679,0,grey
10821632,2046,white
10936086,2046,white
10702286,2046,white
10719210,2046,white
10834475,2046,white
10873870,2046,white
10720721,0,grey
10822799,0,grey
10791531,0,grey
10798119,2046,white
10859604,0,grey
10793096,0,grey
10804582,0,grey
10843362,0,grey
10752098,0,grey
10774359,2046,white
10790525,2046,white
10825236,2046,white
10910458,2046,white
10840605,0,grey
10744485,0,grey
10727462,0,grey
10873916,0,grey
10784125,0,grey
10833586,2046,white
10764316,2046,white
10745848,0,grey
10917622,2046,white
10864302,0,grey
10910716,0,grey
10917448,2046,white
10744318,0,grey
10918820,0,grey
10764626,0,grey
10801537,0,grey
10725155,0,grey
10817531,2046,white
10825146,2046,white
10835449,0,grey
10817656,0,grey
10797473,0,grey
10758663,0,grey
10927281,0,grey
10822786,0,grey
10903189,0,grey
10799291,0,grey
10777108,0,grey
10754145,0,grey
10917299,2046,white
10754991,0,grey
10736901,0,grey
10862216,0,grey
10832496,0,grey
10880408,2046,white
10928855,0,grey
10851350,0,grey
10818184,0,grey
10742029,0,grey
10844883,2046,white
10802691,0,grey
10940172,0,grey
10744939,0,grey
10930571,0,grey
10851043,0,grey
10787507,2046,white
10881084,0,grey
10805540,0,grey
10801135,0,grey
10932267,0,grey
10879372,2046,white
10798021,0,grey
10799328,0,grey
10816387,2046,white
10831557,0,grey
10832482,2046,white
10935263,0,grey
10914366,2046,white
10909360,0,grey
10808302,0,grey
10740558,0,grey
10885205,0,grey
10726650,0,grey
10705058,2046,white
10868255,0,grey
10930569,0,grey
10754694,0,grey
10933130,0,grey
10765937,0,grey
10772901,0,grey
10776435,0,grey
10919557,2046,white
10760018,0,grey
10930566,0,grey
10871286,0,grey
10770048,0,grey
10717882,2046,white
10732228,2046,white
10935177,0,grey
10893899,2046,white
10903490,2046,white
10823933,0,grey
10755094,0,grey
10795218,0,grey
10731732,2046,white
10930598,0,grey
10930595,0,grey
10782063,0,grey
10882273,0,grey
10772718,2046,white
10918848,0,grey
10835158,2046,white
10813628,2046,white
10892937,2046,white
10871750,0,grey
10805527,0,grey
10905284,2046,white
10853663,2046,white
10904590,0,grey
10930580,0,grey
10831298,0,grey
10765495,0,grey
10812021,0,grey
10708775,0,grey
10814892,0,grey
10884896,0,grey
10702467,0,grey
10798694,0,grey
10836208,0,grey
10827512,0,grey
10728028,0,grey
10829653,2046,white
10940443,0,grey
10783213,0,grey
10796262,2046,white
10902003,0,grey
10706963,0,grey
10900545,0,grey
10709157,0,grey
10708093,0,grey
10767821,0,grey
10875768,2046,white
10765489,0,grey
10850563,0,grey
10721120,0,grey
10835777,2046,white
10778486,0,grey
10775130,0,grey
10930590,0,grey
10828417,0,grey
10928154,0,grey
10918940,0,grey
10808595,2046,white
10799261,0,grey
10792214,0,grey
10795231,0,grey
10742645,2046,white
10875126,2046,white
10900533,0,grey
10940592,2046,white
10912837,0,grey
10711377,0,grey
10916806,0,grey
10871769,0,grey
10795203,0,grey
10909639,0,grey
10773080,0,grey
10795546,2046,white
10762007,0,grey
10731380,0,grey
10733688,2046,white
10914849,2046,white
10704242,2046,white
10872473,0,grey
10747506,0,grey
10869264,0,grey
10777178,0,grey
10817057,0,grey
10908859,0,grey
10911443,0,grey
10821163,0,grey
10750876,0,grey
10723233,0,grey
10746246,2046,white
10816558,2046,white
10703375,0,grey
10854540,0,grey
10883530,0,grey
10909356,0,grey
10927468,0,grey
10870036,0,grey
10711401,0,grey
10827231,0,grey
10780979,0,grey
10860912,2046,white
10723884,0,grey
10826828,2046,white
10879915,0,grey
10925014,0,grey
10940030,2046,white
10793365,0,grey
10813445,0,grey
10880777,0,grey
10775484,0,grey
10821648,0,grey
10842436,2046,white
10864887,0,grey
10740379,2046,white
10860231,0,grey
10904812,2046,white
10832705,0,grey
10880911,0,grey
10767008,0,grey
10833620,0,grey
10756546,0,grey
10708485,0,grey
10779558,0,grey
10779589,0,grey
10884620,0,grey
10710295,0,grey
10933589,0,grey
10851382,0,grey
10707301,0,grey
10826707,0,grey
10751896,2046,white
10862910,0,grey
10761463,2046,white
10920524,0,grey
10910617,0,grey
10783353,2046,white
10727178,0,grey
10918383,0,grey
10745470,0,grey
10737897,0,grey
10740159,2046,white
10773205,2046,white
10930779,2046,white
10884274,0,grey
10817021,0,grey
10713176,0,grey
10724116,2046,white
10782271,0,grey
10888138,2046,white
10700636,0,grey
10851386,2046,white
10708560,0,grey
10799505,0,grey
10930593,0,grey
10759461,0,grey
10817539,2046,white
10858165,0,grey
10774102,2046,white
10919960,0,grey
10806585,0,grey
10821666,0,grey
10851192,0,grey
10773891,0,grey
10817863,0,grey
10771971,0,grey
10897428,0,grey
10743857,0,grey
10836019,2046,white
10755357,0,grey
10787817,0,grey
10739351,0,grey
10701105,0,grey
10930407,0,grey
10735091,0,grey
10812770,0,grey
10838079,0,grey
10875698,0,grey
10867941,0,grey
10803017,0,grey
10782755,0,grey
10902112,0,grey
10814788,0,grey
10804519,0,grey
10890967,2046,white
10911445,0,grey
10939595,0,grey
10835757,0,grey
10760047,0,grey
10788508,2046,white
10766561,0,grey
10703045,0,grey
10879319,0,grey
10702605,2046,white
10710409,0,grey
10903367,0,grey
10870600,0,grey
10887306,0,grey
10895705,2046,white
10737445,0,grey
10788566,0,grey
10734318,0,grey
10846694,0,grey
10709093,0,grey
10850645,0,grey
10791250,0,grey
10934579,0,grey
10797475,0,grey
10785178,0,grey
10721676,2046,white
10904880,0,grey
10897802,0,grey
10740529,0,grey
10861676,2046,white
10877907,0,grey
10733438,0,grey
10702187,0,grey
10700020,0,grey
10940642,0,grey
10799376,0,grey
10720658,0,grey
10846139,0,grey
10749172,2046,white
10857130,0,grey
10831874,0,grey
10756526,2046,white
10757448,0,grey
10754371,0,grey
10731729,0,grey
10774094,0,grey
10899826,2046,white
10700791,0,grey
10759018,0,grey
10923470,0,grey
10873341,0,grey
10833927,0,grey
10930307,0,grey
10927195,0,grey
10741765,0,grey
10713602,0,grey
10712340,0,grey
10930338,0,grey
10728578,2046,white
10826824,0,grey
10829976,0,grey
10844946,0,grey
10880074,0,grey
10791552,0,grey
10858374,0,grey
10900753,2046,white
10772705,0,grey
10863772,2046,white
10838704,2046,white
10932126,2046,white
10739395,2046,white
10940457,0,grey
10731643,0,grey
10914199,2046,white
10885697,0,grey
10929122,0,grey
10874330,2046,white
10763758,0,grey
10723891,2046,white
10876291,0,grey
10870136,0,grey
10828160,0,grey
10827407,0,grey
10710427,0,grey
10940445,0,grey
10758033,0,grey
10923522,0,grey
10765634,0,grey
10793068,0,grey
10861213,0,grey
10792863,0,grey
10774100,0,grey
10899125,2046,white
10871561,0,grey
10715848,0,grey
10839154,0,grey
10895366,0,grey
10773168,0,grey
10807632,0,grey
10795200,0,grey
10875420,0,grey
10907086,2046,white
10822520,2046,white
10866526,0,grey
10831105,0,grey
10714323,0,grey
10930190,0,grey
10917690,0,grey
10725832,0,grey
10850131,2046,white
10820847,0,grey
10824082,2046,white
10878430,0,grey
10721827,0,grey
10872743,0,grey
10921672,0,grey
10933716,0,grey
10846928,0,grey
10747633,2046,white
10782234,2046,white
10803692,0,grey
10846248,0,grey
10929041,0,grey
10913974,0,grey
10854221,0,grey
10732714,2046,white
10849875,0,grey
10937822,0,grey
10719530,0,grey
10714616,2046,white
10818571,0,grey
10908096,0,grey
10838115,0,grey
10778853,0,grey
10797648,0,grey
10862726,2046,white
10882750,0,grey
10739490,0,grey
10710771,2046,white
10752146,0,grey
10760208,2046,white
10818708,0,grey
10873597,2046,white
10837778,2046,white
10716168,0,grey
10702695,2046,white
10839872,0,grey
10935890,0,grey
10933366,0,grey
10785326,0,grey
10930914,0,grey
10728093,0,grey
10769476,0,grey
10819192,0,grey
10901413,0,grey
10700771,0,grey
10877581,0,grey
10820277,0,grey
10865527,0,grey
10753135,0,grey
10911730,2046,white
10786969,0,grey
10925600,0,grey
10754136,2046,white
10820002,0,grey
10930421,2046,white
10929450,2046,white
10742315,0,grey
10840741,0,grey
10717409,0,grey
10880824,0,grey
10904227,2046,white
10833523,0,grey
10802416,0,grey
10873387,0,grey
10737871,0,grey
10918055,0,grey
10915970,0,grey
10807272,0,grey
10909758,0,grey
10782162,0,grey
10791264,0,grey
10821695,2046,white
10757153,0,grey
10879134,0,grey
10737056,0,grey
10938962,0,grey
10713600,0,grey
10787784,0,grey
10752943,0,grey
10831300,0,grey
10723992,0,grey
10939754,0,grey
10929766,0,grey
10760620,2046,white
10908521,0,grey
10749325,2046,white
10721698,0,grey
10903216,0,grey
10876754,2046,white
10721694,0,grey
10786132,0,grey
10725384,2046,white
10819787,0,grey
10940485,0,grey
10850931,0,grey
10871489,0,grey
10930534,0,grey
10926740,0,grey
10707175,0,grey
10717168,0,grey
10809337,0,grey
10737506,0,grey
10726769,2046,white
10860815,0,grey
10940580,2046,white
10859296,0,grey
10706339,0,grey
10801653,2046,white
10940406,0,grey
10729096,0,grey
10708521,0,grey
10874019,2046,white
10846854,0,grey
10818326,0,grey
10899884,2046,white
10883903,0,grey
10871479,0,grey
10792421,0,grey
10730389,0,grey
10857314,0,grey
10855664,0,grey
10789442,0,grey
10861658,0,grey
10816959,0,grey
10820763,2046,white
10741814,0,grey
10853755,0,grey
10872062,0,grey
10879392,0,grey
10863757,0,grey
10940602,2046,white
10706488,0,grey
10773636,0,grey
10752050,0,grey
10931159,0,grey
10870644,0,grey
10898474,0,grey
10875372,0,grey
10769954,0,grey
10746139,0,grey
10713796,0,grey
10836321,0,grey
10807542,0,grey
10787517,0,grey
10875145,0,grey
10755112,0,grey
10735244,2046,white
10913940,0,grey
10818594,0,grey
10799987,2046,white
10937564,0,grey
10825244,0,grey
10704652,0,grey
10839857,0,grey
10821050,0,grey
10934530,2046,white
10710067,0,grey
10794810,0,grey
10793818,0,grey
10783537,0,grey
10922964,0,grey
10853797,0,grey
10718459,2046,white
10754876,0,grey
10909411,0,grey
10848733,0,grey
10781554,0,grey
10752603,2046,white
10839232,0,grey
10891104,0,grey
10742802,0,grey
10887336,0,grey
10917034,0,grey
10811293,2046,white
10731493,0,grey
10897446,0,grey
10930622,0,grey
10723792,0,grey
10700753,0,grey
10858390,0,grey
10701387,0,grey
10908098,0,grey
10918600,0,grey
10727418,2046,white
10700903,0,grey
10850631,0,grey
10916876,0,grey
10929910,2046,white
10931919,0,grey
10795422,2046,white
10813128,0,grey
10901813,0,grey
10788043,0,grey
10705978,0,grey
10782065,0,grey
10778028,0,grey
10746654,2046,white
10904597,0,grey
10773180,0,grey
10894778,0,grey
10725159,2046,white
10845607,2046,white
10718863,0,grey
10842805,0,grey
10771984,0,grey
10867045,0,grey
10881850,0,grey
10700058,0,grey
10840700,0,grey
10776667,0,grey
10928486,0,grey
10937805,2046,white
10803815,0,grey
10713074,0,grey
10876011,0,grey
10876494,0,grey
10725027,0,grey
10873031,0,grey
10721865,0,grey
10737518,2046,white
10796198,0,grey
10716464,2046,white
10905681,2046,white
10742571,0,grey
10924853,0,grey
10935935,0,grey
10897543,0,grey
10782247,0,grey
10846149,2046,white
10940467,0,grey
10712548,2046,white
10770224,0,grey
10764839,0,grey
10758272,0,grey
10807638,0,grey
10740477,2046,white
10837050,2046,white
10820494,0,grey
10748969,0,grey
10866544,0,grey
10878836,0,grey
10819905,0,grey
10845767,0,grey
10769131,0,grey
10869174,2046,white
10811160,0,grey
10873534,2046,white
10861305,0,grey
10712517,0,grey
10747614,0,grey
10884961,0,grey
10871169,0,grey
10798457,0,grey
10791472,0,grey
10733690,0,grey
10892316,0,grey
10856415,0,grey
10922002,2046,white
10926782,2046,white
10834590,0,grey
10844294,2046,white
10928902,0,grey
10824305,0,grey
10940481,2046,white
10868627,2046,white
10840732,2046,white
10700013,0,grey
10744391,0,grey
10786465,0,grey
10868238,0,grey
10891834,0,grey
10858967,0,grey
10759483,0,grey
10791591,2046,white
10719900,2046,white
10844849,0,grey
10843863,2046,white
10700180,0,grey
10833894,0,grey
10923668,2046,white
10779724,0,grey
10743357,2046,white
10818452,2046,white
10728631,0,grey
10724637,0,grey
10932128,2046,white
10897146,0,grey
10715364,0,grey
10822420,0,grey
10832137,0,grey
10728361,0,grey
10799985,2046,white
10940606,0,grey
10899187,0,grey
10820504,2046,white
10750282,0,grey
10871519,0,grey
10885516,0,grey
10752805,0,grey
10723720,0,grey
10887899,2046,white
10767767,0,grey
10701404,0,grey
10931885,2046,white
10777812,0,grey
10906944,0,grey
10796785,2046,white
10861066,0,grey
10702546,0,grey
10878954,2046,white
10778207,0,grey
10751348,0,grey
10749681,0,grey
10771927,0,grey
10725724,0,grey
10765280,0,grey
10869646,0,grey
10930602,0,grey
10703723,0,grey
10799317,0,grey
10937499,2046,white
10895144,0,grey
10736042,0,grey
10886621,0,grey
10706953,0,grey
10795511,2046,white
10940562,0,grey
10733980,0,grey
10792163,2046,white
10872575,2046,white
10901722,0,grey
10860900,0,grey
10743117,0,grey
10775936,0,grey
10819770,0,grey
10900186,0,grey
10818218,0,grey
10736914,0,grey
10940469,0,grey
10739886,0,grey
10759162,0,grey
10761253,0,grey
10916493,0,grey
10753214,0,grey
10787256,0,grey
10770443,0,grey
10700279,0,grey
10813361,0,grey
10727260,0,grey
10820145,0,grey
10803274,2046,white
10813007,0,grey
10833451,0,grey
10802267,2046,white
10709993,0,grey
10781838,2046,white
10852115,2046,white
10725105,2046,white
10940452,0,grey
10846286,0,grey
10796074,0,grey
10782666,0,grey
10775268,0,grey
10819305,0,grey
10745224,0,grey
10774470,0,grey
10735455,2046,white
10759447,0,grey
10759457,0,grey
10905248,2046,white
10772512,2046,white
10758978,0,grey
10744756,2046,white
10843216,0,grey
10725782,0,grey
10701181,0,grey
10881063,0,grey
10872801,2046,white
10878416,2046,white
10885998,0,grey
10923270,0,grey
10730057,0,grey
10766809,0,grey
10922257,0,grey
10758986,0,grey
10723697,0,grey
10847283,0,grey
10716136,0,grey
10793840,2046,white
10767338,2046,white
10901469,0,grey
10746271,0,grey
10728478,2046,white
10938579,0,grey
10867329,0,grey
10771853,0,grey
10833591,2046,white
10776347,0,grey
10831077,0,grey
10754088,0,grey
10774163,0,grey
10736040,2046,white
10909883,0,grey
10777209,0,grey
10853559,0,grey
10701566,0,grey
10770197,0,grey
10792530,0,grey
10753344,0,grey
10919214,2046,white
10892874,0,grey
10860806,0,grey
10860809,0,grey
10860812,0,grey
10726172,0,grey
10759698,0,grey
10855862,2046,white
10902614,0,grey
10729913,0,grey
10832680,0,grey
10766926,0,grey
10821395,0,grey
10816749,0,grey
10803586,0,grey
10741841,0,grey
10833005,0,grey
10708053,2046,white
10791604,2046,white
10813048,0,grey
10750524,0,grey
10833944,0,grey
10856707,0,grey
10850958,2046,white
10724050,0,grey
10712889,0,grey
10749361,2046,white
10706181,0,grey
10782166,0,grey
10751903,2046,white
10918672,0,grey
10730855,0,grey
10868855,2046,white
10823098,2046,white
10856424,0,grey
10908131,0,grey
10774472,0,grey
10907634,0,grey
10758064,2046,white
10716466,0,grey
10817751,0,grey
10720992,0,grey
10854417,0,grey
10795262,0,grey
10799716,0,grey
10922286,0,grey
10806855,0,grey
10879986,2046,white
10700425,0,grey
10819379,0,grey
10863690,0,grey
10759431,0,grey
10855008,0,grey
10771287,0,grey
10787544,0,grey
10704956,0,grey
10761152,0,grey
10828357,0,grey
10701539,0,grey
10841592,0,grey
10925004,0,grey
10881671,2046,white
10783927,0,grey
10701096,0,grey
10724529,0,grey
10809001,0,grey
10797527,0,grey
10863876,0,grey
10929811,0,grey
10728697,0,grey
10700001,0,grey
10812498,2046,white
10844726,0,grey
10759475,0,grey
10882802,0,grey
10918869,0,grey
10933899,0,grey
10783529,0,grey
10879502,0,grey
10931777,0,grey
10741741,0,grey
10842964,2046,white
10728240,0,grey
10857762,2046,white
10791677,0,grey
10855356,0,grey
10720274,0,grey
10921195,0,grey
10874691,2046,white
10869616,0,grey
10781562,0,grey
10832341,0,grey
10724923,0,grey
10917092,0,grey
10911546,0,grey
10804889,0,grey
10729802,0,grey
10783648,0,grey
10821252,0,grey
10770143,0,grey
10913570,0,grey
10899782,0,grey
10719722,0,grey
10730633,0,grey
10700462,0,grey
10937254,0,grey
10895406,0,grey
10904668,2046,white
10800993,0,grey
10733750,2046,white
10903676,0,grey
10818440,2046,white
10845368,0,grey
10796564,0,grey
10794511,2046,white
10716064,0,grey
10700344,0,grey
10735718,0,grey
10872098,2046,white
10940647,0,grey
10833198,2046,white
10925382,2046,white
10747252,0,grey
10804415,0,grey
10940628,0,grey
10819269,0,grey
10835630,0,grey
10940487,0,grey
10754983,0,grey
10896335,2046,white
10752303,0,grey
10865740,2046,white
10803676,0,grey
10718612,0,grey
10772657,0,grey
10805996,2046,white
10924719,0,grey
10815512,0,grey
10914442,0,grey
10940529,0,grey
10845947,0,grey
10878448,0,grey
10862867,0,grey
10766588,0,grey
10784805,2046,white
10820546,0,grey
10781451,2046,white
10774440,0,grey
10812148,0,grey
10881211,0,grey
10734316,0,grey
10728954,0,grey
10934154,0,grey
10862666,0,grey
10915427,0,grey
10791474,0,grey
10701312,0,grey
10839771,0,grey
10798467,0,grey
10733430,0,grey
10895995,2046,white
10806122,0,grey
10888366,0,grey
10847806,0,grey
10889260,0,grey
10818257,0,grey
10862415,0,grey
10872808,0,grey
10801541,0,grey
10741907,2046,white
10822025,0,grey
10860934,0,grey
10825925,0,grey
10871087,0,grey
10909358,0,grey
10737532,0,grey
10757189,0,grey
10720215,0,grey
10752007,0,grey
10700238,0,grey
10850608,0,grey
10851398,0,grey
10719616,0,grey
10792076,0,grey
10708565,0,grey
10873790,2046,white
10918240,0,grey
10811651,2046,white
10751239,0,grey
10925783,0,grey
10725823,2046,white
10940669,0,grey
10860916,0,grey
10795194,0,grey
10888596,0,grey
10852474,2046,white
10888682,0,grey
10728507,0,grey
10701408,0,grey
10746955,0,grey
10851952,0,grey
10777829,0,grey
10930098,0,grey
10790804,0,grey
10714346,0,grey
10813854,0,grey
10815804,0,grey
10905668,0,grey
10921286,0,grey
10767230,0,grey
10893258,0,grey
10704198,2046,white
10920745,0,grey
10701846,0,grey
10888610,0,grey
10705987,0,grey
10701336,0,grey
10724567,2046,white
10798536,0,grey
10762887,0,grey
10700820,0,grey
10778390,0,grey
10914314,0,grey
10928761,0,grey
10817845,2046,white
10745940,0,grey
10859142,0,grey
10762021,0,grey
10795260,2046,white
10914209,2046,white
10856965,2046,white
10891352,0,grey
10906169,0,grey
10940663,0,grey
10879464,2046,white
10925158,0,grey
10803323,0,grey
10871076,0,grey
10710886,2046,white
10779598,0,grey
10896814,0,grey
10853819,0,grey
10752811,0,grey
10708154,0,grey
10881643,0,grey
10865607,0,grey
10701328,0,grey
10779091,2046,white
10889379,0,grey
10748440,0,grey
10940441,0,grey
10835942,0,grey
10860951,0,grey
10700716,0,grey
10824884,2046,white
10930614,0,grey
10829881,0,grey
10800237,0,grey
10766437,2046,white
10812158,2046,white
10891780,0,grey
10755129,0,grey
10928452,0,grey
10843357,2046,white
10820666,0,grey
10930618,0,grey
10796149,0,grey
10776739,0,grey
10826859,0,grey
10892939,2046,white
10856386,0,grey
10716078,0,grey
10819990,0,grey
10731428,0,grey
10848027,0,grey
10807071,2046,white
10724464,2046,white
10930411,0,grey
10700264,0,grey
10832551,0,grey
10778438,0,grey
10720891,0,grey
10830038,2046,white
10940673,0,grey
10855668,0,grey
10702689,2046,white
10722509,0,grey
10863469,0,grey
10813643,0,grey
10878965,0,grey
10825743,0,grey
10936365,0,grey
10834373,0,grey
10735974,0,grey
10823548,2046,white
10911944,0,grey
10864730,0,grey
10746783,2046,white
10702163,0,grey
10899566,0,grey
10871043,0,grey
10917905,2046,white
10737205,0,grey
10793965,0,grey
10863886,0,grey
10714743,0,grey
10843424,0,grey
10812152,0,grey
10931308,0,grey
10757599,0,grey
10903376,0,grey
10940564,0,grey
10700525,0,grey
10768588,2046,white
10726726,2046,white
10826846,0,grey
10831135,0,grey
10919328,0,grey
10782144,2046,white
10810144,0,grey
10861226,0,grey
10880381,0,grey
10775731,2046,white
10762983,2046,white
10756721,0,grey
10896549,0,grey
10775429,0,grey
10827138,0,grey
10860765,0,grey
10753602,0,grey
10934056,0,grey
10709825,0,grey
10913186,2046,white
10919912,0,grey
10709799,0,grey
10719411,2046,white
10889716,0,grey
10810985,2046,white
10794345,0,grey
10851219,0,grey
10853816,0,grey
10755533,0,grey
10887320,0,grey
10911882,0,grey
10714413,0,grey
10876103,0,grey
10885892,0,grey
10734975,2046,white
10814331,0,grey
10796220,0,grey
10869310,0,grey
10867725,0,grey
10889684,2046,white
10812150,0,grey
10754931,0,grey
10726679,0,grey
10798505,0,grey
10897186,0,grey
10885251,0,grey
10849943,0,grey
10746583,0,grey
10827182,0,grey
10867516,0,grey
10790542,0,grey
10864276,0,grey
10849646,0,grey
10940681,0,grey
10753921,0,grey
10767921,0,grey
10734882,0,grey
10782758,0,grey
10910195,0,grey
10898140,2046,white
10757615,0,grey
10905233,0,grey
10863950,2046,white
10765491,0,grey
10834241,0,grey
10807386,0,grey
10930620,0,grey
10889675,0,grey
10794394,0,grey
10884577,0,grey
10873366,0,grey
10845587,0,grey
10808922,0,grey
10841281,2046,white
10749070,0,grey
10700075,0,grey
10829378,0,grey
10704996,0,grey
10873322,2046,white
10917236,0,grey
10732534,0,grey
10792187,0,grey
10702660,0,grey
10769310,0,grey
10700913,0,grey
10925936,0,grey
10799558,0,grey
10869303,0,grey
10788079,0,grey
10756521,0,grey
10889766,0,grey
10831150,0,grey
10828516,2046,white
10750878,0,grey
10748336,0,grey
10888460,0,grey
10712829,0,grey
10803664,0,grey
10889522,0,grey
10914616,0,grey
10934445,0,grey
10872153,0,grey
10839168,0,grey
10937521,2046,white
10847854,0,grey
10811278,0,grey
10887943,0,grey
10887945,0,grey
10919637,0,grey
10923215,0,grey
10814528,0,grey
10779811,0,grey
10719501,0,grey
10819322,2046,white
10753198,0,grey
10809328,0,grey
10912086,0,grey
10830972,0,grey
10769538,0,grey
10834022,0,grey
10839413,2046,white
10856712,0,grey
10806640,0,grey
10785724,0,grey
10875245,0,grey
10928821,0,grey
10763531,0,grey
10847260,0,grey
10867099,2046,white
10892950,0,grey
10905974,0,grey
10783880,2046,white
10742690,0,grey
10798492,0,grey
10739167,0,grey
10926651,0,grey
10896547,0,grey
10715990,0,grey
10883540,0,grey
10806677,2046,white
10861395,0,grey
10767763,0,grey
10891765,0,grey
10866030,0,grey
10818698,0,grey
10701554,0,grey
10781496,0,grey
10916125,0,grey
10817938,2046,white
10714450,0,grey
10771649,0,grey
10729314,0,grey
10911035,0,grey
10852160,0,grey
10759427,0,grey
10700045,0,grey
10842384,0,grey
10936827,0,grey
10895069,0,grey
10809278,0,grey
10809770,0,grey
10822481,0,grey
10789594,0,grey
10923052,0,grey
10727846,2046,white
10825869,0,grey
10817552,0,grey
10760824,2046,white
10733417,0,grey
10752268,0,grey
10739357,0,grey
10867882,0,grey
10932795,0,grey
10926698,0,grey
10711715,0,grey
10752807,2046,white
10803394,0,grey
10908133,0,grey
10764872,0,grey
10856050,0,grey
10862834,0,grey
10911797,2046,white
10823609,2046,white
10916961,0,grey
10872336,0,grey
10837319,0,grey
10795444,2046,white
10940616,2046,white
10703951,0,grey
10797660,0,grey
10772950,2046,white
10862505,0,grey
10802567,0,grey
10787820,0,grey
10934689,2046,white
10927699,0,grey
10902506,0,grey
10799736,0,grey
10701479,0,grey
10930675,0,grey
10888602,0,grey
10902885,0,grey
10911976,0,grey
10923670,0,grey
10701242,0,grey
10758134,0,grey
10811571,0,grey
10901823,2046,white
10784389,2046,white
10853453,2046,white
10877984,0,grey
10900358,0,grey
10805335,0,grey
10771655,0,grey
10705618,0,grey
10867102,0,grey
10890532,2046,white
10737019,0,grey
10940559,0,grey
10833629,0,grey
10873838,0,grey
10831308,0,grey
10732058,2046,white
10940652,0,grey
10770920,0,grey
10795548,0,grey
10796858,2046,white
10828575,0,grey
10742575,0,grey
10828316,2046,white
10805882,0,grey
10825582,0,grey
10857546,0,grey
10890936,2046,white
10700960,0,grey
10727398,0,grey
10837003,0,grey
10729610,0,grey
10805571,0,grey
10861997,0,grey
10705485,0,grey
10899430,0,grey
10706705,0,grey
10816675,0,grey
10811041,0,grey
10701014,0,grey
10700588,0,grey
10759089,0,grey
10806492,0,grey
10706563,2046,white
10915437,0,grey
10922096,0,grey
10754116,0,grey
10767812,0,grey
10841287,2046,white
10813992,0,grey
10910490,0,grey
10816791,0,grey
10786228,0,grey
10775862,0,grey
10815888,0,grey
10839790,0,grey
10940447,0,grey
10907082,0,grey
10825686,2046,white
10913835,0,grey
10887615,0,grey
10798420,0,grey
10700571,0,grey
10720474,0,grey
10915946,0,grey
10727082,0,grey
10855416,0,grey
10940626,0,grey
10811226,2046,white
10756617,2046,white
10810867,0,grey
10700183,0,grey
10924876,0,grey
10721684,0,grey
10859108,0,grey
10733676,0,grey
10834602,0,grey
10717233,0,grey
10701968,0,grey
10895990,0,grey
10741302,2046,white
10785116,0,grey
10712317,0,grey
10869659,0,grey
10801929,0,grey
10802712,0,grey
10770337,0,grey
10888110,0,grey
10701066,0,grey
10702405,0,grey
10703479,0,grey
10821415,0,grey
10930555,0,grey
10900592,0,grey
10872252,0,grey
10741239,0,grey
10736288,0,grey
10822408,0,grey
10828364,0,grey
10726112,0,grey
10781473,0,grey
10907542,0,grey
10845829,0,grey
10802422,2046,white
10853750,0,grey
10778605,0,grey
10893366,0,grey
10816700,0,grey
10803049,0,grey
10742507,0,grey
10823508,0,grey
10830554,0,grey
10850257,2046,white
10714006,0,grey
10700340,0,grey
10824339,0,grey
10725164,0,grey
10771978,0,grey
10715889,0,grey
10939444,0,grey
10859392,0,grey
10824680,0,grey
10805794,0,grey
10883305,0,grey
10812922,0,grey
10836849,0,grey
10821741,0,grey
10764842,0,grey
10882761,0,grey
10776699,0,grey
10918501,0,grey
10829209,0,grey
10798438,0,grey
10735105,0,grey
10921190,0,grey
10778572,0,grey
10921772,0,grey
10734987,2046,white
10721700,0,grey
10825796,0,grey
10910338,0,grey
10793495,2046,white
10802601,0,grey
10930243,0,grey
10880047,0,grey
10749742,0,grey
10839868,0,grey
10848281,0,grey
10808620,0,grey
10825179,0,grey
10702592,0,grey
10904653,0,grey
10812127,0,grey
10755027,0,grey
10798728,0,grey
10741680,0,grey
10863512,0,grey
10731668,0,grey
10843838,0,grey
10895027,0,grey
10803843,0,grey
10894234,0,grey
10723156,0,grey
10782454,0,grey
10920967,0,grey
10919354,0,grey
10872096,0,grey
10881570,0,grey
10725947,2046,white
10890494,0,grey
10810334,0,grey
10809880,0,grey
10822175,0,grey
10903583,0,grey
10751636,0,grey
10933042,0,grey
10912305,2046,white
10843448,0,grey
10898444,2046,white
10847980,2046,white
10738744,0,grey
10797766,0,grey
10838282,0,grey
10924172,0,grey
10855785,0,grey
10795189,0,grey
10802970,0,grey
10877943,0,grey
10700866,2046,white
10841339,0,grey
10780396,0,grey
10726404,0,grey
10780187,0,grey
10867797,0,grey
10885808,0,grey
10903936,0,grey
10939516,0,grey
10702049,0,grey
10918089,2046,white
10829649,0,grey
10728425,0,grey
10857310,0,grey
10843735,2046,white
10785826,0,grey
10894268,0,grey
10918270,0,grey
10706836,0,grey
10850175,0,grey
10868125,0,grey
10808096,0,grey
10912088,2046,white
10819434,0,grey
10715546,0,grey
10726408,0,grey
10894993,0,grey
10881955,0,grey
10888838,0,grey
10918945,0,grey
10862338,0,grey
10775499,0,grey
10771475,0,grey
10913023,2046,white
10705213,2046,white
10877130,2046,white
10769894,2046,white
10817046,0,grey
10712706,0,grey
10767565,0,grey
10774045,2046,white
10713844,0,grey
10788348,0,grey
10822837,0,grey
10884772,2046,white
10745387,2046,white
10782984,2046,white
10791288,0,grey
10816487,0,grey
10726151,2046,white
10700937,0,grey
10887445,0,grey
10798463,0,grey
10856559,0,grey
10926851,0,grey
10778859,0,grey
10817274,0,grey
10812587,0,grey
10816605,0,grey
10850219,0,grey
10814561,0,grey
10909080,0,grey
10813355,0,grey
10701261,2046,white
10861817,0,grey
10726457,0,grey
10865715,0,grey
10932078,0,grey
10831567,0,grey
10720520,0,grey
10929396,0,grey
10843938,0,grey
10824268,0,grey
10810536,0,grey
10704312,2046,white
10923857,2046,white
10769830,0,grey
10798436,2046,white
10901166,0,grey
10898291,0,grey
10822644,2046,white
10806436,0,grey
10723114,0,grey
10803728,0,grey
10822184,0,grey
10923606,0,grey
10809993,0,grey
10771465,0,grey
10735959,0,grey
10801071,0,grey
10905675,0,grey
10878572,0,grey
10700231,0,grey
10871771,0,grey
10738451,0,grey
10853171,0,grey
10741244,2046,white
10787281,0,grey
10870316,0,grey
10762590,0,grey
10722903,0,grey
10707151,0,grey
10906608,0,grey
10913487,0,grey
10742414,0,grey
10715149,0,grey
10832772,0,grey
10765040,0,grey
10777711,0,grey
10882730,0,grey
10737194,0,grey
10737201,0,grey
10737203,0,grey
10830743,0,grey
10814961,0,grey
10830291,0,grey
10749372,0,grey
10794935,0,grey
10831957,0,grey
10705631,0,grey
10938422,2046,white
10707995,0,grey
10831816,2046,white
10718803,2046,white
10859003,0,grey
10806416,0,grey
10701296,0,grey
10786710,0,grey
10897621,0,grey
10854108,0,grey
10856914,0,grey
10801650,0,grey
10787731,0,grey
10791202,0,grey
10791204,0,grey
10813117,0,grey
10813124,0,grey
10736163,0,grey
10814630,0,grey
10717019,2046,white
10762224,0,grey
10795952,0,grey
10757862,0,grey
10910936,0,grey
10908089,0,grey
10863724,0,grey
10740703,0,grey
10844202,0,grey
10889177,0,grey
10878674,0,grey
10796923,2046,white
10881293,0,grey
10811898,0,grey
10754214,0,grey
10734970,0,grey
10838354,0,grey
10844339,0,grey
10856302,0,grey
10743318,0,grey
10792955,0,grey
10919716,0,grey
10905716,0,grey
10917707,0,grey
10815425,0,grey
10863215,0,grey
10757786,0,grey
10754218,0,grey
10872003,0,grey
10769908,2046,white
10808107,0,grey
10926658,0,grey
10841327,0,grey
10823049,0,grey
10873325,0,grey
10720965,2046,white
10700003,0,grey
10889074,0,grey
10719549,2046,white
10713857,0,grey
10909780,0,grey
10702352,0,grey
10784454,0,grey
10786945,0,grey
10809266,0,grey
10799017,0,grey
10810727,0,grey
10742601,0,grey
10741408,2046,white
10911510,0,grey
10844268,0,grey
10895359,0,grey
10798194,0,grey
10898359,2046,white
10785545,0,grey
10799229,0,grey
10901999,0,grey
10920820,0,grey
10856724,0,grey
10829713,0,grey
10784679,0,grey
10730833,0,grey
10704916,0,grey
10748382,0,grey
10822489,0,grey
10869050,0,grey
10886031,0,grey
10811531,0,grey
10708591,0,grey
10907952,0,grey
10839144,0,grey
10844183,0,grey
10906882,0,grey
10925291,0,grey
10874126,0,grey
10800924,0,grey
10886387,2046,white
10905732,0,grey
10702224,0,grey
10771406,0,grey
10765994,2046,white
10710236,0,grey
10882777,0,grey
10815527,0,grey
10819116,0,grey
10723413,2046,white
10780289,0,grey
10913340,0,grey
10930608,0,grey
10808041,0,grey
10797256,2046,white
10929128,0,grey
10719922,0,grey
10905040,0,grey
10771957,0,grey
10721585,2046,white
10778543,2046,white
10768301,0,grey
10749495,0,grey
10820693,0,grey
10894767,0,grey
10857610,0,grey
10727329,0,grey
10738038,0,grey
10815315,0,grey
10898335,0,grey
10896040,0,grey
10856436,0,grey
10875578,0,grey
10775769,0,grey
10832555,0,grey
10826451,0,grey
10813107,0,grey
10913010,0,grey
10866819,0,grey
10854199,0,grey
10820008,0,grey
10753444,0,grey
10940680,0,grey
10814286,0,grey
10905721,0,grey
10800140,0,grey
10842052,0,grey
10889961,0,grey
10824513,2046,white
10933507,0,grey
10918276,0,grey
10894523,0,grey
10750310,0,grey
10919830,0,grey
10917703,0,grey
10700680,0,grey
10774274,0,grey
10915885,0,grey
10826039,0,grey
10781280,0,grey
10762085,0,grey
10905625,0,grey
10878732,0,grey
10903725,0,grey
10727349,0,grey
10790954,2046,white
10713045,0,grey
10774766,0,grey
10753257,0,grey
10923576,0,grey
10792775,0,grey
10823803,0,grey
10882978,0,grey
10810410,0,grey
10817222,0,grey
10782704,0,grey
10845114,0,grey
10766521,0,grey
10885740,0,grey
10906926,0,grey
10821924,0,grey
10778555,2046,white
10771224,0,grey
10754642,0,grey
10829163,0,grey
10940575,0,grey
10919681,0,grey
10827450,0,grey
10735483,0,grey
10747330,0,grey
10822938,0,grey
10841484,0,grey
10938830,0,grey
10876224,0,grey
10720299,0,grey
10897912,0,grey
10803315,0,grey
10897041,0,grey
10755323,0,grey
10879662,0,grey
10826607,0,grey
10720135,2046,white
10793675,0,grey
10741486,0,grey
10812560,0,grey
10700014,0,grey
10731168,0,grey
10921120,0,grey
10939233,0,grey
10908460,2046,white
10749663,0,grey
10867049,0,grey
10749484,0,grey
10917116,0,grey
10939744,0,grey
10700818,0,grey
10890243,0,grey
10715575,0,grey
10736057,2046,white
10705411,0,grey
10821067,0,grey
10790698,0,grey
10714456,0,grey
10803141,2046,white
10866486,0,grey
10866503,0,grey
10838117,0,grey
10897415,0,grey
10888692,0,grey
10740649,0,grey
10814703,0,grey
10925695,0,grey
10882697,0,grey
10751161,0,grey
10940458,0,grey
10715211,0,grey
10724785,0,grey
10885045,0,grey
10837201,0,grey
10824070,0,grey
10700720,0,grey
10940548,0,grey
10742712,0,grey
10829437,0,grey
10724947,0,grey
10865855,0,grey
10808440,0,grey
10873567,2046,white
10790948,0,grey
10879467,0,grey
10896793,0,grey
10842667,0,grey
10760954,2046,white
10758020,0,grey
10794168,2046,white
10862561,0,grey
10736917,2046,white
10747918,2046,white
10870481,0,grey
10759989,0,grey
10727812,0,grey
10763324,0,grey
10876434,2046,white
10731444,0,grey
10739215,0,grey
10842811,0,grey
10729590,0,grey
10749762,0,grey
10935255,0,grey
10700690,0,grey
10909567,0,grey
10754871,0,grey
10831148,0,grey
10859590,0,grey
10815284,0,grey
10779485,0,grey
10915555,0,grey
10934118,0,grey
10739593,0,grey
10742868,0,grey
10904578,0,grey
10758830,0,grey
10803851,0,grey
10742386,0,grey
10911576,2046,white
10721849,0,grey
10808601,0,grey
10918258,0,grey
10940444,0,grey
10763889,0,grey
10733310,0,grey
10871081,0,grey
10781638,2046,white
10719983,2046,white
10821820,2046,white
10882571,0,grey
10730131,0,grey
10873258,0,grey
10729507,0,grey
10899793,0,grey
10831595,0,grey
10924151,2046,white
10895083,0,grey
10798442,0,grey
10777034,0,grey
10868134,0,grey
10803281,0,grey
10839229,2046,white
10790096,0,grey
10700258,0,grey
10733397,0,grey
10940068,2046,white
10861662,0,grey
10927826,0,grey
10831267,2046,white
10772330,0,grey
10915837,0,grey
10922895,0,grey
10748347,0,grey
10745933,0,grey
10836956,0,grey
10825151,0,grey
10808290,0,grey
10702293,0,grey
10846821,0,grey
10871250,0,grey
10776976,0,grey
10701500,0,grey
10851502,0,grey
10926029,0,grey
10812015,0,grey
10740396,0,grey
10732712,0,grey
10737047,0,grey
10773613,0,grey
10922572,0,grey
10892035,0,grey
10797013,0,grey
10932228,0,grey
10741851,0,grey
10872940,0,grey
10701517,0,grey
10813119,0,grey
10700782,0,grey
10754943,0,grey
10882543,0,grey
10762378,0,grey
10729502,0,grey
10805851,0,grey
10717855,0,grey
10870762,0,grey
10844606,0,grey
10888612,0,grey
10736647,0,grey
10853676,2046,white
10833811,0,grey
10735429,0,grey
10732257,0,grey
10822665,0,grey
10846710,0,grey
10796027,2046,white
10725893,0,grey
10861140,0,grey
10822904,0,grey
10815636,0,grey
10711686,0,grey
10832920,0,grey
10788238,0,grey
10901960,2046,white
10782314,0,grey
10940472,0,grey
10800991,0,grey
10723896,0,grey
10730452,0,grey
10748962,2046,white
10755279,0,grey
10772699,0,grey
10708095,0,grey
10725039,0,grey
10892305,0,grey
10818090,0,grey
10860548,0,grey
10808065,0,grey
10768739,0,grey
10914937,0,grey
10889308,0,grey
10749630,2046,white
10877755,0,grey
10714818,0,grey
10861905,0,grey
10898158,0,grey
10910752,0,grey
10928229,2046,white
10719088,2046,white
10809216,0,grey
10744119,0,grey
10770543,0,grey
10740952,0,grey
10801606,0,grey
10905917,0,grey
10854494,0,grey
10717935,0,grey
10875988,0,grey
10923208,0,grey
10940271,0,grey
10771622,0,grey
10823613,0,grey
10892835,0,grey
10940686,0,grey
10751671,0,grey
10806129,2046,white
10762057,0,grey
10761718,0,grey
10744348,0,grey
10867173,0,grey
10768834,0,grey
10888872,2046,white
10805225,0,grey
10821959,0,grey
10750320,0,grey
10906533,0,grey
10774141,0,grey
10819994,0,grey
10821276,0,grey
10731980,0,grey
10810286,2046,white
10899951,0,grey
10855185,0,grey
10849228,2046,white
10794691,2046,white
10820754,0,grey
10819232,0,grey
10933333,0,grey
10836815,2046,white
10929243,2046,white
10911042,0,grey
10778236,2046,white
10795679,0,grey
10803947,0,grey
10734198,0,grey
10887821,0,grey
10703400,0,grey
10846255,0,grey
10700681,0,grey
10725279,0,grey
10789997,0,grey
10892265,0,grey
10766512,0,grey
10841637,0,grey
10813152,0,grey
10791822,0,grey
10823783,0,grey
10812954,0,grey
10792811,0,grey
10912255,0,grey
10779456,0,grey
10829191,0,grey
10860546,0,grey
10765740,0,grey
10853665,0,grey
10781441,0,grey
10908037,0,grey
10921131,2046,white
10808426,0,grey
10790585,0,grey
10818108,0,grey
10927122,2046,white
10819672,0,grey
10899303,0,grey
10900511,0,grey
10903082,0,grey
10749869,0,grey
10818920,0,grey
10880583,0,grey
10707299,0,grey
10700938,0,grey
10821446,0,grey
10718324,0,grey
10875954,0,grey
10820047,0,grey
10700320,0,grey
10880539,0,grey
10897590,0,grey
10708015,0,grey
10753771,0,grey
10720859,2046,white
10769825,0,grey
10796043,2046,white
10934024,0,grey
10822852,0,grey
10700969,0,grey
10919928,0,grey
10718591,0,grey
10793456,0,grey
10701605,0,grey
10908102,0,grey
10776800,0,grey
10764661,0,grey
10792999,0,grey
10937174,0,grey
10743343,2046,white
10758555,0,grey
10907198,0,grey
10764497,0,grey
10843893,0,grey
10890650,0,grey
10932279,0,grey
10813670,2046,white
10924653,0,grey
10716335,2046,white
10867528,0,grey
10925324,0,grey
10914935,0,grey
10890886,0,grey
10927230,0,grey
10700880,0,grey
10814119,0,grey
10872692,0,grey
10737866,0,grey
10738480,0,grey
10933809,0,grey
10884804,0,grey
10900651,0,grey
10740381,0,grey
10821914,0,grey
10806210,0,grey
10904358,0,grey
10829265,0,grey
10770728,2046,white
10907211,0,grey
10791522,0,grey
10857984,0,grey
10735897,0,grey
10907243,0,grey
10922933,0,grey
10826474,0,grey
10843308,0,grey
10898179,0,grey
10791401,0,grey
10869661,2046,white
10802591,2046,white
10700027,0,grey
10730869,0,grey
10789143,2046,white
10802579,0,grey
10775501,2046,white
10894730,0,grey
10892962,0,grey
10808896,2046,white
10832197,0,grey
10928636,0,grey
10711881,0,grey
10701092,0,grey
10774782,0,grey
10751698,0,grey
10927041,0,grey
10874152,0,grey
10933755,0,grey
10890164,0,grey
10792061,0,grey
10911296,0,grey
10812162,0,grey
10749330,0,grey
10841602,0,grey
10787520,0,grey
10807131,0,grey
10868359,0,grey
10915538,0,grey
10730098,0,grey
10888608,0,grey
10747592,0,grey
10854446,0,grey
10929491,0,grey
10901904,0,grey
10731686,0,grey
10917087,0,grey
10850988,0,grey
10714417,2046,white
10832224,2046,white
10720430,0,grey
10722589,0,grey
10931543,0,grey
10901039,0,grey
10940477,0,grey
10841294,0,grey
10788031,0,grey
10806016,0,grey
10718510,2046,white
10855062,0,grey
10740271,2046,white
10714338,0,grey
10902630,0,grey
10916920,0,grey
10708407,2046,white
10802114,0,grey
10872234,0,grey
10724524,2046,white
10883335,0,grey
10852270,0,grey
10700005,0,grey
10885560,0,grey
10718552,0,grey
10918718,0,grey
10826249,0,grey
10940648,0,grey
10739986,0,grey
10769422,0,grey
10719294,0,grey
10844235,0,grey
10826559,0,grey
10700400,0,grey
10890734,0,grey
10732068,0,grey
10851134,0,grey
10851839,0,grey
10737422,0,grey
10707790,0,grey
10739984,0,grey
10814268,0,grey
10858487,0,grey
10751018,0,grey
10937556,0,grey
10874166,0,grey
10887506,2046,white
10820795,0,grey
10792049,2046,white
10935555,0,grey
10712955,0,grey
10936853,0,grey
10702367,0,grey
10732803,0,grey
10903223,0,grey
10875680,0,grey
10795174,0,grey
10837366,0,grey
10919494,0,grey
10709775,0,grey
10754611,0,grey
10794829,0,grey
10912990,0,grey
10826866,0,grey
10802040,0,grey
10789281,0,grey
10826403,0,grey
10709575,0,grey
10828077,0,grey
10937464,0,grey
10750025,0,grey
10916016,0,grey
10882890,0,grey
10798850,0,grey
10722431,0,grey
10878034,0,grey
10881167,0,grey
10796050,0,grey
10783393,0,grey
10783521,0,grey
10710006,0,grey
10760738,0,grey
10717941,0,grey
10855535,0,grey
10725701,0,grey
10779832,0,grey
10709116,0,grey
10789740,0,grey
10827400,2046,white
10850668,0,grey
10747979,0,grey
10884765,0,grey
10821822,0,grey
10769797,0,grey
10750406,0,grey
10780077,0,grey
10783368,0,grey
10871494,2046,white
10838312,0,grey
10720847,0,grey
10858714,0,grey
10788559,0,grey
10823955,0,grey
10907297,0,grey
10908319,0,grey
10832865,0,grey
10845635,2046,white
10766797,0,grey
10701121,0,grey
10865981,0,grey
10730383,2046,white
10819975,0,grey
10862361,0,grey
10776597,0,grey
10912908,0,grey
10775309,0,grey
10881461,0,grey
10745145,0,grey
10858827,2046,white
10817444,2046,white
10936582,0,grey
10797161,0,grey
10747836,0,grey
10752352,0,grey
10773340,0,grey
10812943,0,grey
10776968,2046,white
10813894,0,grey
10816688,0,grey
10873706,0,grey
10804391,0,grey
10930616,0,grey
10869204,0,grey
10753425,0,grey
10700847,0,grey
10908482,2046,white
10828827,0,grey
10936013,0,grey
10934696,0,grey
10880575,0,grey
10715962,0,grey
10919414,0,grey
10778386,0,grey
10895932,0,grey
10874923,0,grey
10855449,0,grey
10861968,0,grey
10932475,0,grey
10828088,0,grey
10923237,0,grey
10718296,0,grey
10931154,0,grey
10917518,0,grey
10932648,2046,white
10722529,0,grey
10746602,0,grey
10922735,0,grey
10756077,0,grey
10919996,0,grey
10810551,0,grey
10903545,0,grey
10783241,0,grey
10740171,0,grey
10783439,0,grey
10798199,0,grey
10774171,0,grey
10918272,0,grey
10761517,0,grey
10920632,0,grey
10797966,0,grey
10780373,0,grey
10708327,0,grey
10889263,0,grey
10747278,0,grey
10758724,0,grey
10886029,0,grey
10710890,0,grey
10840043,0,grey
10741647,0,grey
10764573,0,grey
10725474,0,grey
10715721,0,grey
10831452,0,grey
10833979,0,grey
10797588,0,grey
10815049,0,grey
10918708,0,grey
10723419,0,grey
10874909,0,grey
10770517,0,grey
10770313,0,grey
10745271,0,grey
10750277,0,grey
10816546,0,grey
10702714,0,grey
10915105,0,grey
10782695,0,grey
10745595,2046,white
10795616,0,grey
10761096,0,grey
10797597,0,grey
10824882,0,grey
10700324,0,grey
10872291,0,grey
10875723,0,grey
10916855,0,grey
10778759,2046,white
10819523,0,grey
10738430,0,grey
10721962,2046,white
10706146,0,grey
10851815,0,grey
10794812,0,grey
10824250,0,grey
10724838,0,grey
10827438,0,grey
10788497,0,grey
10852248,2046,white
10897683,0,grey
10871041,0,grey
10764240,0,grey
10834483,2046,white
10806083,0,grey
10940493,0,grey
10793103,0,grey
10803655,0,grey
10757129,0,grey
10797138,0,grey
10772911,0,grey
10920148,0,grey
10700457,0,grey
10831940,0,grey
10730173,0,grey
10821450,0,grey
10819914,0,grey
10794159,0,grey
10701082,0,grey
10889513,0,grey
10742033,0,grey
10895585,0,grey
10870020,0,grey
10819568,0,grey
10714537,0,grey
10750848,0,grey
10763607,2046,white
10744568,0,grey
10792751,2046,white
10835652,0,grey
10806506,0,grey
10771531,0,grey
10744370,0,grey
10832299,0,grey
10865483,0,grey
10736486,0,grey
10840867,0,grey
10716080,0,grey
10701913,0,grey
10750672,0,grey
10778108,0,grey
10938409,0,grey
10930301,0,grey
10890602,0,grey
10903911,0,grey
10739866,0,grey
10834225,0,grey
10732844,0,grey
10751931,0,grey
10904707,0,grey
10768364,0,grey
10700123,0,grey
10882933,0,grey
10700055,0,grey
10940596,0,grey
10940666,0,grey
10776566,0,grey
10754592,0,grey
10772653,0,grey
10713217,0,grey
10814940,0,grey
10836015,0,grey
10794229,0,grey
10921444,2046,white
10915657,0,grey
10790257,0,grey
10779115,2046,white
10737949,0,grey
10926930,2046,white
10714249,0,grey
10847718,0,grey
10770666,2046,white
10935131,0,grey
10855506,0,grey
10766869,0,grey
10901923,0,grey
10937523,0,grey
10885693,2046,white
10906592,0,grey
10892152,2046,white
10837393,2046,white
10727734,0,grey
10886406,0,grey
10746575,0,grey
10780803,0,grey
10837114,0,grey
10857112,0,grey
10920298,0,grey
10862327,0,grey
10733553,0,grey
10863866,0,grey
10930510,0,grey
10737908,0,grey
10871284,0,grey
10936488,0,grey
10935378,0,grey
10851599,0,grey
10752515,0,grey
10892409,0,grey
10810635,0,grey
10800562,0,grey
10727156,0,grey
10834447,0,grey
10915751,0,grey
10701093,0,grey
10920056,0,grey
10767987,0,grey
10905453,0,grey
10840667,0,grey
10872561,2046,white
10734188,0,grey
10916923,0,grey
10884174,0,grey
10796226,0,grey
10719863,2046,white
10742833,0,grey
10830133,2046,white
10916237,2046,white
10785895,0,grey
10816026,2046,white
10763808,0,grey
10770511,0,grey
10793140,0,grey
10719204,0,grey
10732511,0,grey
10721812,2046,white
10744161,0,grey
10700792,0,grey
10781690,0,grey
10863262,0,grey
10867364,0,grey
10713915,0,grey
10881341,0,grey
10838772,0,grey
10816204,0,grey
10850530,0,grey
10752903,2046,white
10929153,0,grey
10723650,0,grey
10738383,0,grey
10846794,0,grey
10724228,0,grey
10937777,0,grey
10780798,0,grey
10847572,0,grey
10762792,0,grey
10809251,0,grey
10765038,0,grey
10839170,0,grey
10912581,0,grey
10897272,0,grey
10849598,0,grey
10814767,0,grey
10859254,0,grey
10779818,0,grey
10914853,0,grey
10934610,0,grey
10814384,0,grey
10937241,0,grey
10788246,0,grey
10766795,0,grey
10757962,0,grey
10887281,0,grey
10712560,0,grey
10720479,0,grey
10779726,0,grey
10831804,0,grey
10881315,0,grey
10784540,0,grey
10939909,0,grey
10749839,0,grey
10733997,0,grey
10873260,0,grey
10754010,0,grey
10797722,2046,white
10776459,0,grey
10816144,0,grey
10701034,0,grey
10762108,0,grey
10839596,0,grey
10843028,0,grey
10701163,0,grey
10904521,0,grey
10771210,0,grey
10854357,0,grey
10783553,0,grey
10864671,2046,white
10900116,0,grey
10885305,0,grey
10780889,0,grey
10769638,0,grey
10801960,0,grey
10807085,0,grey
10839511,0,grey
10713983,2046,white
10861333,0,grey
10793475,0,grey
10909590,0,grey
10910668,0,grey
10940594,0,grey
10815552,0,grey
10743265,0,grey
10737411,0,grey
10767388,0,grey
10869267,0,grey
10804281,0,grey
10752673,0,grey
10936526,0,grey
10734338,0,grey
10930612,0,grey
10920371,0,grey
10737719,0,grey
10841946,0,grey
10922476,0,grey
10869886,2046,white
10881124,0,grey
10701587,0,grey
10787071,0,grey
10810299,0,grey
10889234,2046,white
10799133,0,grey
10769788,0,grey
10921309,0,grey
10894395,0,grey
10824322,0,grey
10807583,0,grey
10804856,0,grey
10861617,0,grey
10903315,0,grey
10798459,2046,white
10731341,0,grey
10811244,0,grey
10768332,0,grey
10836755,0,grey
10788035,0,grey
10893247,0,grey
10811596,0,grey
10789702,0,grey
10888931,0,grey
10809912,0,grey
10754939,0,grey
10720506,0,grey
10887120,0,grey
10878926,0,grey
10847957,0,grey
10861890,0,grey
10828158,0,grey
10799435,0,grey
10700185,0,grey
10779288,0,grey
10739558,0,grey
10784360,2046,white
10800200,0,grey
10736661,2046,white
10865081,0,grey
10764540,0,grey
10712276,0,grey
10880056,0,grey
10940661,0,grey
10708954,0,grey
10823303,0,grey
10818660,0,grey
10830754,0,grey
10914371,0,grey
10897752,0,grey
10804560,0,grey
10706696,0,grey
10797741,0,grey
10923560,0,grey
10782210,0,grey
10792997,0,grey
10707645,0,grey
10707647,0,grey
10722371,0,grey
10722389,0,grey
10722393,0,grey
10722395,0,grey
10722397,0,grey
10722399,0,grey
10722403,0,grey
10722411,0,grey
10874929,0,grey
10720161,0,grey
10871419,0,grey
10924260,0,grey
10883982,0,grey
10721802,0,grey
10724950,0,grey
10734468,0,grey
10775647,0,grey
10824780,0,grey
10931182,0,grey
10916232,0,grey
10762762,0,grey
10888150,0,grey
10922226,0,grey
10729027,0,grey
10836446,0,grey
10828288,0,grey
10938858,0,grey
10898147,0,grey
10793304,0,grey
10722375,0,grey
10722377,0,grey
10719580,0,grey
10852682,0,grey
10779202,0,grey
10910191,0,grey
10933349,0,grey
10711234,0,grey
10750460,0,grey
10773115,0,grey
10823555,0,grey
10740681,0,grey
10916598,0,grey
10722379,0,grey
10832715,0,grey
10772325,0,grey
10884339,0,grey
10758048,0,grey
10803531,2046,white
10884046,0,grey
10884080,0,grey
10768346,0,grey
10775628,0,grey
10745214,0,grey
10929267,0,grey
10823284,0,grey
10739721,0,grey
10784621,0,grey
10754563,0,grey
10818696,0,grey
10820577,0,grey
10893759,0,grey
10733389,0,grey
10766756,0,grey
10731047,0,grey
10750489,0,grey
10863426,0,grey
10860773,0,grey
10722982,0,grey
10846095,0,grey
10774930,0,grey
10867320,0,grey
10882659,0,grey
10850970,0,grey
10912598,0,grey
10763883,0,grey
10799084,0,grey
10798558,0,grey
10890648,0,grey
10742983,0,grey
10862850,0,grey
10723810,0,grey
10767184,0,grey
10911773,0,grey
10916144,0,grey
10923580,0,grey
10703128,2046,white
10704808,0,grey
10763021,2046,white
10725819,2046,white
10852071,0,grey
10819005,0,grey
10773521,0,grey
10909994,0,grey
10786743,0,grey
10748953,0,grey
10898573,2046,white
10785928,0,grey
10703059,0,grey
10770375,0,grey
10795108,0,grey
10829082,0,grey
10782368,0,grey
10786624,0,grey
10740408,0,grey
10744907,2046,white
10758808,0,grey
10785297,0,grey
10903206,0,grey
10722303,0,grey
10933259,0,grey
10922783,0,grey
10910577,0,grey
10793734,0,grey
10789508,0,grey
10937358,0,grey
10773160,0,grey
10884418,0,grey
10808708,0,grey
10860724,0,grey
10700895,0,grey
10757258,0,grey
10764369,0,grey
10784307,2046,white
10792344,0,grey
10787514,0,grey
10764718,0,grey
10853842,0,grey
10882399,0,grey
10839767,0,grey
10779225,0,grey
10817573,0,grey
10919103,0,grey
10864525,2046,white
10712171,0,grey
10745323,0,grey
10835242,0,grey
10781290,0,grey
10770566,0,grey
10940460,0,grey
10878286,0,grey
10834731,0,grey
10911001,0,grey
10701327,0,grey
10919270,0,grey
10902957,0,grey
10843125,0,grey
10779293,0,grey
10746087,0,grey
10870490,0,grey
10913228,0,grey
10871695,0,grey
10776586,0,grey
10703708,0,grey
10740364,0,grey
10789059,0,grey
10700941,0,grey
10850979,0,grey
10788198,0,grey
10730446,2046,white
10713520,0,grey
10798135,0,grey
10808702,2046,white
10838831,0,grey
10820004,0,grey
10932230,0,grey
10700115,0,grey
10722429,0,grey
10750513,0,grey
10782383,0,grey
10896751,0,grey
10897703,0,grey
10745509,0,grey
10893641,0,grey
10930588,0,grey
10863489,0,grey
10709844,0,grey
10845508,0,grey
10790309,0,grey
10799383,0,grey
10848017,0,grey
10823611,0,grey
10869331,0,grey
10899726,0,grey
10912282,0,grey
10743783,0,grey
10908427,0,grey
10717295,0,grey
10746213,0,grey
10931382,0,grey
10837175,0,grey
10889064,2046,white
10906870,0,grey
10702250,2046,white
10791579,0,grey
10722383,0,grey
10722385,0,grey
10889731,0,grey
10782387,0,grey
10828229,0,grey
10755890,0,grey
10758991,0,grey
10701348,0,grey
10708230,0,grey
10940465,2046,white
10782846,0,grey
10738643,2046,white
10794680,0,grey
10782891,0,grey
10888917,0,grey
10700703,0,grey
10917245,0,grey
10797292,0,grey
10929105,0,grey
10806960,0,grey
10791700,0,grey
10807177,2046,white
10872829,0,grey
10908674,0,grey
10738056,0,grey
10796606,0,grey
10738477,0,grey
10736816,0,grey
10755148,0,grey
10720508,0,grey
10764314,0,grey
10764005,0,grey
10722421,0,grey
10722439,0,grey
10722445,0,grey
10722447,0,grey
10722453,0,grey
10722455,0,grey
10722457,0,grey
10722463,0,grey
10722469,0,grey
10722477,0,grey
10850362,0,grey
10788569,0,grey
10909446,0,grey
10826602,0,grey
10825915,0,grey
10719829,0,grey
10733380,2046,white
10739449,0,grey
10806314,0,grey
10810885,0,grey
10876827,0,grey
10786436,2046,white
10888662,0,grey
10712477,0,grey
10838823,0,grey
10756418,0,grey
10746976,0,grey
10929592,0,grey
10717141,0,grey
10758497,0,grey
10887144,0,grey
10734772,0,grey
10801884,0,grey
10723557,0,grey
10743774,0,grey
10898951,0,grey
10820953,0,grey
10887667,0,grey
10926054,0,grey
10940629,0,grey
10746515,0,grey
10865212,0,grey
10748105,0,grey
10712657,0,grey
10845124,0,grey
10845605,0,grey
10766289,0,grey
10819066,0,grey
10926160,0,grey
10815534,0,grey
10760307,2046,white
10765212,0,grey
10913592,0,grey
10714206,0,grey
10783599,0,grey
10893918,0,grey
10779253,0,grey
10741967,0,grey
10758010,0,grey
10861722,0,grey
10756261,0,grey
10716939,0,grey
10911936,0,grey
10868935,0,grey
10903466,0,grey
10902547,0,grey
10924798,0,grey
10842156,0,grey
10809100,0,grey
10782418,0,grey
10700632,0,grey
10759433,0,grey
10723866,0,grey
10758727,0,grey
10791652,0,grey
10748443,0,grey
10901158,0,grey
10779607,0,grey
10765668,0,grey
10751469,0,grey
10797388,0,grey
10755117,0,grey
10800696,0,grey
10820478,0,grey
10840568,2046,white
10739455,0,grey
10908658,0,grey
10844062,0,grey
10936341,0,grey
10734340,0,grey
10750808,0,grey
10780179,0,grey
10722053,2046,white
10894017,0,grey
10795198,2046,white
10849454,0,grey
10779243,0,grey
10701129,0,grey
10737068,0,grey
10900949,0,grey
10757195,0,grey
10817759,0,grey
10797323,0,grey
10718161,0,grey
10933733,0,grey
10906302,0,grey
10853810,0,grey
10931793,0,grey
10909210,0,grey
10704486,0,grey
10819130,0,grey
10898212,0,grey
10759844,0,grey
10770261,0,grey
10847490,0,grey
10750781,0,grey
10767959,0,grey
10931325,0,grey
10924507,2046,white
10703256,0,grey
10875218,0,grey
10770030,2046,white
10940650,0,grey
10826902,0,grey
10756280,0,grey
10809937,0,grey
10874866,0,grey
10717891,0,grey
10766923,0,grey
10752671,0,grey
10880775,0,grey
10940453,0,grey
10897154,0,grey
10933945,0,grey
10763604,0,grey
10812779,0,grey
10823184,0,grey
10816079,0,grey
10726652,0,grey
10936021,0,grey
10843207,0,grey
10823595,0,grey
10878157,0,grey
10703111,0,grey
10784702,0,grey
10833588,0,grey
10778311,0,grey
10735280,0,grey
10701797,2046,white
10807975,0,grey
10724693,2046,white
10793236,0,grey
10940658,0,grey
10762915,0,grey
10872312,0,grey
10908277,0,grey
10921687,2046,white
10773961,0,grey
10856884,0,grey
10885365,0,grey
10937570,0,grey
10826002,0,grey
10767482,0,grey
10741831,0,grey
10906453,0,grey
10703991,0,grey
10901216,0,grey
10760358,0,grey
10887516,2046,white
10747847,0,grey
10828046,0,grey
10731210,0,grey
10784566,2046,white
10717536,0,grey
10822234,0,grey
10804993,0,grey
10765100,0,grey
10740966,0,grey
10826669,0,grey
10760008,0,grey
10923336,0,grey
10815834,0,grey
10864652,0,grey
10920754,0,grey
10752405,0,grey
10716803,0,grey
10890338,0,grey
10772194,0,grey
10779331,0,grey
10879427,0,grey
10836794,0,grey
10909918,0,grey
10874728,0,grey
10713648,0,grey
10869541,0,grey
10760397,0,grey
10914164,0,grey
10924304,0,grey
10835896,0,grey
10868881,0,grey
10779265,0,grey
10803294,0,grey
10784140,2046,white
10886366,0,grey
10833635,0,grey
10771393,0,grey
10895861,0,grey
10799671,0,grey
10753982,0,grey
10805849,0,grey
10791458,0,grey
10876824,0,grey
10907665,0,grey
10753206,0,grey
10872018,0,grey
10919226,0,grey
10866972,0,grey
10733243,0,grey
10713760,0,grey
10827079,0,grey
10846128,0,grey
10937599,0,grey
10813958,0,grey
10822781,0,grey
10896551,0,grey
10880516,0,grey
10702588,0,grey
10702596,0,grey
10717586,0,grey
10817370,0,grey
10839506,0,grey
10848849,0,grey
10923050,0,grey
10914201,0,grey
10921550,0,grey
10915785,2046,white
10839115,0,grey
10863187,0,grey
10921784,0,grey
10930204,0,grey
10874298,0,grey
10883175,0,grey
10750193,0,grey
10845376,0,grey
10910376,0,grey
10898268,0,grey
10782379,0,grey
10817918,0,grey
10867409,0,grey
10703301,0,grey
10730610,0,grey
10878202,0,grey
10846604,2046,white
10765600,0,grey
10739169,0,grey
10744918,0,grey
10782533,0,grey
10900124,0,grey
10713089,0,grey
10826918,0,grey
10833031,0,grey
10725618,0,grey
10940497,0,grey
10905439,0,grey
10768697,0,grey
10838466,0,grey
10780735,0,grey
10913469,2046,white
10828714,2046,white
10700299,0,grey
10825852,0,grey
10767039,0,grey
10885400,0,grey
10909480,2046,white
10814705,0,grey
10936562,0,grey
10742657,0,grey
10728319,0,grey
10910431,0,grey
10901036,0,grey
10801290,0,grey
10719884,0,grey
10787666,0,grey
10700407,0,grey
10931271,0,grey
10930435,0,grey
10874723,0,grey
10817043,0,grey
10710782,0,grey
10903225,2046,white
10782409,0,grey
10808197,0,grey
10830050,0,grey
10870567,0,grey
10872101,2046,white
10930606,0,grey
10756079,0,grey
10731591,0,grey
10869693,0,grey
10700496,0,grey
10750926,0,grey
10842433,0,grey
10722369,0,grey
10722415,0,grey
10759449,0,grey
10901367,0,grey
10940480,0,grey
10888980,0,grey
10767985,0,grey
10829771,0,grey
10743535,0,grey
10927922,0,grey
10705874,0,grey
10743110,0,grey
10940364,0,grey
10761329,0,grey
10719161,0,grey
10820713,0,grey
10776512,0,grey
10936856,0,grey
10940003,0,grey
10865613,0,grey
10704127,2046,white
10851173,0,grey
10800760,0,grey
10708152,0,grey
10733449,0,grey
10883726,0,grey
10940641,0,grey
10940676,0,grey
10729780,0,grey
10779357,0,grey
10747746,0,grey
10809459,0,grey
10804906,0,grey
10835292,0,grey
10728375,0,grey
10939084,0,grey
10865452,2046,white
10746789,0,grey
10712359,0,grey
10710718,0,grey
10868509,0,grey
10862798,0,grey
10812973,0,grey
10907637,0,grey
10761727,0,grey
10890441,0,grey
10770430,0,grey
10832833,0,grey
10756560,0,grey
10899839,0,grey
10929929,0,grey
10723560,0,grey
10714846,0,grey
10816850,0,grey
10718167,0,grey
10909733,2046,white
10787113,0,grey
10771134,0,grey
10784172,2046,white
10785216,0,grey
10714078,0,grey
10919032,0,grey
10728060,2046,white
10757642,0,grey
10853110,2046,white
10765335,0,grey
10857036,0,grey
10769218,0,grey
10777794,0,grey
10794016,2046,white
10739792,0,grey
10854585,0,grey
10709237,0,grey
10762442,0,grey
10870565,0,grey
10709875,0,grey
10914312,0,grey
10875363,0,grey
10782126,0,grey
10884656,0,grey
10701006,0,grey
10832831,0,grey
10832808,0,grey
10850826,0,grey
10853401,0,grey
10753732,0,grey
10735777,0,grey
10719243,2046,white
10938384,0,grey
10912849,0,grey
10731348,0,grey
10841710,0,grey
10814430,0,grey
10733709,2046,white
10758896,0,grey
10820010,0,grey
10721504,0,grey
10781273,0,grey
10722720,0,grey
10934772,0,grey
10850321,0,grey
10863904,0,grey
10811126,0,grey
10806283,0,grey
10764228,2046,white
10773760,2046,white
10743359,0,grey
10714204,0,grey
10738296,0,grey
10844223,0,grey
10810539,0,grey
10709880,0,grey
10896400,0,grey
10799087,0,grey
10722167,0,grey
10788735,2046,white
10701120,0,grey
10716154,0,grey
10893139,0,grey
10856797,0,grey
10924769,0,grey
10864680,0,grey
10809902,0,grey
10936055,2046,white
10858871,0,grey
10918368,0,grey
10850390,0,grey
10700609,0,grey
10812524,0,grey
10928811,0,grey
10922826,0,grey
10741361,0,grey
10782870,0,grey
10729715,0,grey
10796800,0,grey
10813472,0,grey
10788180,0,grey
10785943,0,grey
10929261,0,grey
10833668,0,grey
10862595,0,grey
10932459,0,grey
10811900,2046,white
10718191,0,grey
10797189,0,grey
10803606,0,grey
10878845,2046,white
10924313,0,grey
10745757,0,grey
10759047,0,grey
10754354,0,grey
10940622,0,grey
10905804,0,grey
10799532,0,grey
10778404,0,grey
10851280,0,grey
10726317,0,grey
10799568,0,grey
10703947,0,grey
10910764,0,grey
10774361,0,grey
10874918,2046,white
10740416,0,grey
10721164,0,grey
10923036,0,grey
10803921,0,grey
10940664,0,grey
10886671,0,grey
10752148,0,grey
10700093,0,grey
10817383,0,grey
10820586,0,grey
10932236,0,grey
10703293,0,grey
10910463,0,grey
10707832,0,grey
10807768,0,grey
10808547,0,grey
10755501,0,grey
10731557,0,grey
10727084,0,grey
10932912,0,grey
10839174,0,grey
10765850,0,grey
10707338,0,grey
10833814,0,grey
10718091,0,grey
10795286,0,grey
10728464,0,grey
10906736,0,grey
10813934,0,grey
10777011,0,grey
10810280,0,grey
10908944,0,grey
10794453,0,grey
10753222,0,grey
10822368,0,grey
10871813,0,grey
10815120,2046,white
10858672,0,grey
10912003,0,grey
10872478,2046,white
10725445,0,grey
10920720,0,grey
10711251,0,grey
10813246,0,grey
10917106,0,grey
10722736,0,grey
10718266,0,grey
10940495,0,grey
10884162,0,grey
10779233,0,grey
10772582,0,grey
10918535,0,grey
10846158,0,grey
10732439,2046,white
10937060,0,grey
10784253,0,grey
10898315,0,grey
10926642,0,grey
10879555,0,grey
10936755,0,grey
10769621,2046,white
10809791,0,grey
10700366,0,grey
10736070,0,grey
10768376,0,grey
10701124,0,grey
10839327,2046,white
10706009,0,grey
10759585,0,grey
10837921,0,grey
10929842,0,grey
10880627,0,grey
10840448,0,grey
10828394,0,grey
10919433,0,grey
10774830,0,grey
10761545,0,grey
10756178,0,grey
10872929,0,grey
10740238,0,grey
10804132,0,grey
10829816,0,grey
10701689,0,grey
10908104,0,grey
10837752,0,grey
10829470,2046,white
10908896,0,grey
10785846,0,grey
10776681,0,grey
10887593,0,grey
10821004,0,grey
10918706,0,grey
10881468,0,grey
10897239,0,grey
10762039,0,grey
10905827,2046,white
10797062,0,grey
10863590,0,grey
10700796,0,grey
10772274,0,grey
10862876,0,grey
10728006,2046,white
10867799,2046,white
10940473,0,grey
10812592,0,grey
10935231,0,grey
10873993,0,grey
10859645,2046,white
10782349,0,grey
10746293,0,grey
10902052,0,grey
10826814,0,grey
10801778,0,grey
10879394,0,grey
10712501,0,grey
10926723,0,grey
10704505,0,grey
10898091,0,grey
10779168,0,grey
10919377,0,grey
10725919,0,grey
10734382,0,grey
10854056,0,grey
10875823,0,grey
10836277,0,grey
10817365,0,grey
10705394,0,grey
10879750,0,grey
10702428,0,grey
10854601,0,grey
10759834,0,grey
10905589,0,grey
10725289,0,grey
10759636,0,grey
10932646,0,grey
10921527,2046,white
10833152,0,grey
10919090,0,grey
10907689,0,grey
10899496,2046,white
10725993,0,grey
10756899,0,grey
10807083,0,grey
10703905,0,grey
10922025,0,grey
10922064,0,grey
10934980,0,grey
10816760,0,grey
10799615,0,grey
10794589,0,grey
10877416,0,grey
10900821,2046,white
10759409,0,grey
10930070,0,grey
10767489,0,grey
10701361,0,grey
10896380,0,grey
10739982,0,grey
10903259,0,grey
10848159,0,grey
10833289,0,grey
10885015,0,grey
10885417,0,grey
10714411,2046,white
10701505,0,grey
10740996,0,grey
10862359,0,grey
10923940,2046,white
10707620,0,grey
10868634,0,grey
10815850,0,grey
10802650,0,grey
10846151,2046,white
10827870,0,grey
10859371,0,grey
10883801,0,grey
10798538,0,grey
10816405,0,grey
10833910,0,grey
10919699,0,grey
10931651,0,grey
10902578,0,grey
10700607,2046,white
10804187,0,grey
10795957,0,grey
10917883,0,grey
10887369,0,grey
10855525,2046,white
10860111,0,grey
10938025,0,grey
10897465,0,grey
10800969,0,grey
10904688,0,grey
10940599,0,grey
10862522,0,grey
10856357,2046,white
10918620,0,grey
10766774,0,grey
10780834,0,grey
10927678,0,grey
10835458,0,grey
10792602,0,grey
10878047,2046,white
10901621,0,grey
10835894,0,grey
10892263,0,grey
10924780,0,grey
10716712,0,grey
10718171,0,grey
10864756,0,grey
10710166,0,grey
10860188,0,grey
10756608,0,grey
10817105,0,grey
10885235,0,grey
10819562,0,grey
10712134,0,grey
10881353,0,grey
10737784,0,grey
10706031,0,grey
10832326,0,grey
10921910,0,grey
10716801,0,grey
10830230,0,grey
10823127,0,grey
10782113,0,grey
10830561,0,grey
10928446,2046,white
10780813,0,grey
10784219,0,grey
10700449,0,grey
10778897,0,grey
10800726,0,grey
10776798,0,grey
10763284,0,grey
10735827,0,grey
10800491,0,grey
10854187,0,grey
10758446,0,grey
10940541,0,grey
10931457,0,grey
10859382,0,grey
10827749,2046,white
10735027,0,grey
10784694,0,grey
10700502,0,grey
10785930,0,grey
10886185,0,grey
10897054,0,grey
10729552,0,grey
10833617,0,grey
10839957,0,grey
10838506,0,grey
10818173,2046,white
10845072,0,grey
10844933,0,grey
10889590,0,grey
10767356,0,grey
10888127,0,grey
10909722,2046,white
10893127,0,grey
10867318,0,grey
10829761,0,grey
10733321,0,grey
10755448,0,grey
10899428,0,grey
10751295,0,grey
10723898,0,grey
10940675,2046,white
10805029,0,grey
10789747,0,grey
10940195,0,grey
10701485,0,grey
10867236,2046,white
10847965,0,grey
10723850,0,grey
10916734,0,grey
10902735,0,grey
10753567,0,grey
10703274,0,grey
10759611,0,grey
10925636,0,grey
10934509,0,grey
10885145,0,grey
10781304,0,grey
10775001,0,grey
10857883,0,grey
10906439,0,grey
10924762,0,grey
10859086,0,grey
10707721,2046,white
10839974,0,grey
10830216,0,grey
10930212,0,grey
10841716,0,grey
10700270,0,grey
10820688,0,grey
10903674,0,grey
10723928,0,grey
10755497,2046,white
10818134,0,grey
10845087,0,grey
10851753,0,grey
10876527,0,grey
10869915,0,grey
10933298,0,grey
10839197,2046,white
10742048,0,grey
10911593,0,grey
10742546,0,grey
10770503,0,grey
10861835,0,grey
10823015,0,grey
10930015,0,grey
10900606,0,grey
10872266,0,grey
10700546,0,grey
10912640,0,grey
10903864,2046,white
10858185,0,grey
10786174,0,grey
10776536,0,grey
10860888,0,grey
10876531,0,grey
10766760,0,grey
10759852,0,grey
10760646,0,grey
10779270,0,grey
10810210,0,grey
10715071,0,grey
10761917,0,grey
10700959,0,grey
10711210,0,grey
10703283,0,grey
10754426,0,grey
10743785,0,grey
10786755,0,grey
10706884,0,grey
10756393,0,grey
10934669,0,grey
10840890,0,grey
10773559,0,grey
10798952,0,grey
10896964,0,grey
10938346,0,grey
10731421,0,grey
10814752,0,grey
10792489,0,grey
10871203,0,grey
10905391,0,grey
10790811,0,grey
10787266,0,grey
10825111,0,grey
10863662,0,grey
10940007,0,grey
10903325,0,grey
10835054,0,grey
10852144,0,grey
10814270,0,grey
10940516,0,grey
10717949,0,grey
10863888,0,grey
10897045,0,grey
10910058,0,grey
10723943,0,grey
10832294,0,grey
10737636,0,grey
10809581,0,grey
10750117,0,grey
10823838,0,grey
10731009,0,grey
10760203,0,grey
10701198,0,grey
10926503,0,grey
10774265,0,grey
10766170,2046,white
10701309,0,grey
10890759,0,grey
10783501,0,grey
10781564,0,grey
10930799,0,grey
10867609,0,grey
10910158,0,grey
10728538,0,grey
10762848,0,grey
10891502,0,grey
10740018,0,grey
10914385,0,grey
10838075,0,grey
10932584,0,grey
10882111,0,grey
10811832,2046,white
10839565,0,grey
10876466,0,grey
10772665,0,grey
10760173,0,grey
10886631,0,grey
10883912,0,grey
10753600,0,grey
10889113,0,grey
10885382,0,grey
10768397,0,grey
10773298,0,grey
10764206,0,grey
10815785,0,grey
10702192,0,grey
10739209,0,grey
10788077,0,grey
10863402,0,grey
10885957,0,grey
10922249,0,grey
10937321,0,grey
10804463,0,grey
10820014,0,grey
10920170,0,grey
10937745,2046,white
10863714,0,grey
10713061,2046,white
10778629,0,grey
10930058,0,grey
10915492,0,grey
10794836,2046,white
10700034,0,grey
10837279,0,grey
10841974,2046,white
10909249,0,grey
10878905,0,grey
10726758,0,grey
10830454,0,grey
10911250,0,grey
10759402,0,grey
10904018,0,grey
10850482,0,grey
10758940,0,grey
10755196,0,grey
10900772,0,grey
10880691,0,grey
10700719,0,grey
10745897,0,grey
10880361,0,grey
10849967,0,grey
10886892,0,grey
10886904,0,grey
10886910,0,grey
10886916,0,grey
10886922,0,grey
10886934,0,grey
10886940,0,grey
10886950,0,grey
10886956,0,grey
10886966,0,grey
10886974,0,grey
10886980,0,grey
10886984,0,grey
10886990,0,grey
10886992,0,grey
10886996,0,grey
10887002,0,grey
10887006,0,grey
10887012,0,grey
10701271,0,grey
10742104,0,grey
10700160,0,grey
10712758,0,grey
10807033,0,grey
10940659,0,grey
10740688,0,grey
10845136,0,grey
10917870,0,grey
10771584,0,grey
10920541,0,grey
10734240,0,grey
10708921,0,grey
10871521,0,grey
10932276,0,grey
10781014,2046,white
10903860,0,grey
10910123,0,grey
10857296,0,grey
10878032,2046,white
10827696,0,grey
10712816,0,grey
10770721,0,grey
10700040,0,grey
10733056,0,grey
10876525,0,grey
10926091,0,grey
10814981,0,grey
10870177,0,grey
10773827,0,grey
10735096,0,grey
10839970,0,grey
10703279,0,grey
10803991,0,grey
10873419,0,grey
10788427,0,grey
10892143,0,grey
10735066,0,grey
10787611,0,grey
10891297,0,grey
10737163,0,grey
10865562,0,grey
10816179,0,grey
10842795,0,grey
10858784,0,grey
10822043,0,grey
10877684,2046,white
10908702,0,grey
10912584,0,grey
10911010,2046,white
10875375,0,grey
10802648,0,grey
10767698,0,grey
10788627,0,grey
10853324,2046,white
10703953,0,grey
10831620,0,grey
10796468,0,grey
10715653,0,grey
10919574,0,grey
10900537,2046,white
10738671,0,grey
10778640,0,grey
10936537,0,grey
10872978,0,grey
10764773,0,grey
10780808,0,grey
10903704,0,grey
10714106,0,grey
10813126,0,grey
10857673,0,grey
10712786,0,grey
10767102,0,grey
10827701,0,grey
10907869,0,grey
10710313,0,grey
10725519,0,grey
10710764,2046,white
10737107,0,grey
10801271,2046,white
10913995,0,grey
10714832,0,grey
10871369,0,grey
10776807,0,grey
10724042,0,grey
10768668,0,grey
10940483,0,grey
10792592,0,grey
10756991,0,grey
10815924,2046,white
10778568,2046,white
10806566,0,grey
10759485,0,grey
10739568,2046,white
10823462,0,grey
10940380,0,grey
10840131,0,grey
10835964,0,grey
10868940,0,grey
10792196,0,grey
10815321,0,grey
10882155,0,grey
10710912,0,grey
10700700,0,grey
10867109,0,grey
10835837,0,grey
10843475,2046,white
10916659,0,grey
10892381,0,grey
10822436,0,grey
10700667,0,grey
10706635,2046,white
10760846,0,grey
10843460,0,grey
10849927,0,grey
10878617,0,grey
10849666,0,grey
10809885,0,grey
10899089,0,grey
10918374,0,grey
10764388,0,grey
10859814,0,grey
10871240,0,grey
10866866,0,grey
10827105,0,grey
10700749,0,grey
10834704,2046,white
10765034,0,grey
10840803,0,grey
10771070,0,grey
10832232,2046,white
10927285,0,grey
10860203,0,grey
10797918,2046,white
10794666,0,grey
10877459,0,grey
10821408,0,grey
10909970,0,grey
10805044,0,grey
10700824,0,grey
10862403,0,grey
10807140,0,grey
10850613,0,grey
10927204,0,grey
10714763,0,grey
10869474,0,grey
10914580,0,grey
10825100,0,grey
10725045,0,grey
10903061,0,grey
10711364,0,grey
10771869,0,grey
10836354,0,grey
10724993,0,grey
10700881,0,grey
10768814,0,grey
10829780,0,grey
10817827,0,grey
10700479,0,grey
10767044,0,grey
10822075,0,grey
10910084,0,grey
10779260,0,grey
10707942,0,grey
10731095,0,grey
10800601,0,grey
10827448,0,grey
10841301,0,grey
10753614,2046,white
10779240,0,grey
10772821,0,grey
10829684,0,grey
10928191,0,grey
10939178,0,grey
10844695,0,grey
10746399,0,grey
10744888,2046,white
10880163,0,grey
10760816,0,grey
10787841,0,grey
10738576,0,grey
10723032,0,grey
10793090,0,grey
10705588,0,grey
10816176,2046,white
10701333,0,grey
10725387,0,grey
10797226,0,grey
10812748,0,grey
10932134,2046,white
10873303,0,grey
10736545,0,grey
10815706,0,grey
10825091,0,grey
10858655,0,grey
10720514,0,grey
10840817,0,grey
10783253,0,grey
10791233,0,grey
10753146,2046,white
10940668,0,grey
10873353,0,grey
10938935,0,grey
10864358,0,grey
10743186,0,grey
10840910,0,grey
10936705,0,grey
10750211,0,grey
10756257,0,grey
10845814,0,grey
10844808,0,grey
10735986,0,grey
10862605,0,grey
10830579,0,grey
10739796,0,grey
10752309,0,grey
10710857,0,grey
10729854,0,grey
10805814,0,grey
10884931,0,grey
10819080,0,grey
10929272,0,grey
10849863,0,grey
10869253,0,grey
10939890,0,grey
10882317,0,grey
10734828,0,grey
10907958,0,grey
10864572,2046,white
10827279,0,grey
10753582,2046,white
10849327,0,grey
10754077,0,grey
10701219,0,grey
10761311,0,grey
10910641,0,grey
10829944,2046,white
10931089,2046,white
10765671,0,grey
10831808,0,grey
10777492,2046,white
10712687,0,grey
10818851,0,grey
10857435,0,grey
10747029,0,grey
10756278,0,grey
10777052,0,grey
10752754,0,grey
10816875,0,grey
10877567,0,grey
10933574,0,grey
10787107,0,grey
10850125,0,grey
10894857,0,grey
10748236,0,grey
10817429,0,grey
10815536,0,grey
10780199,0,grey
10861005,0,grey
10878221,0,grey
10770412,0,grey
10750426,0,grey
10877069,0,grey
10890246,0,grey
10857027,0,grey
10815763,0,grey
10860597,0,grey
10754510,0,grey
10757507,0,grey
10935456,0,grey
10822558,0,grey
10787048,0,grey
10903234,0,grey
10880913,0,grey
10821769,0,grey
10793878,0,grey
10700062,0,grey
10915843,0,grey
10770252,0,grey
10898520,0,grey
10845380,0,grey
10807300,0,grey
10829738,0,grey
10785208,0,grey
10826056,0,grey
10893744,0,grey
10724888,0,grey
10922768,0,grey
10702936,0,grey
10899901,2046,white
10876337,0,grey
10766253,0,grey
10902247,0,grey
10855946,0,grey
10805744,0,grey
10853396,0,grey
10827759,0,grey
10882238,2046,white
10721480,0,grey
10803003,0,grey
10768979,0,grey
10777658,0,grey
10918806,2046,white
10867095,0,grey
10700673,0,grey
10927509,0,grey
10791719,0,grey
10934384,2046,white
10739035,0,grey
10920743,0,grey
10724377,0,grey
10827846,0,grey
10712149,0,grey
10778153,0,grey
10759511,0,grey
10842879,0,grey
10878938,0,grey
10839455,0,grey
10777958,0,grey
10935033,0,grey
10714667,0,grey
10744718,0,grey
10700930,0,grey
10870098,2046,white
10802520,0,grey
10831628,0,grey
10840020,0,grey
10899387,0,grey
10804947,0,grey
10940449,0,grey
10879402,0,grey
10810447,0,grey
10845306,0,grey
10742145,0,grey
10806864,0,grey
10940653,0,grey
10907415,0,grey
10940250,2046,white
10841789,0,grey
10934662,0,grey
10833873,0,grey
10816950,0,grey
10761162,0,grey
10814398,0,grey
10844666,0,grey
10763976,0,grey
10920994,0,grey
10824576,0,grey
10793607,0,grey
10839726,0,grey
10935204,2046,white
10939564,0,grey
10835139,0,grey
10875091,0,grey
10721394,0,grey
10719218,0,grey
10725235,0,grey
10791166,0,grey
10812515,0,grey
10756308,0,grey
10872790,0,grey
10739225,0,grey
10939460,0,grey
10700626,0,grey
10835268,0,grey
10849735,2046,white
10744127,0,grey
10705971,0,grey
10826097,0,grey
10729554,0,grey
10887981,0,grey
10880530,0,grey
10707812,0,grey
10768021,0,grey
10776646,0,grey
10806323,0,grey
10837134,0,grey
10784378,0,grey
10729252,0,grey
10751642,0,grey
10741330,0,grey
10899959,0,grey
10774435,0,grey
10820835,2046,white
10831762,0,grey
10759846,0,grey
10772640,0,grey
10857626,0,grey
10852964,0,grey
10725004,0,grey
10708432,0,grey
10885299,0,grey
10865363,0,grey
10842130,0,grey
10709261,2046,white
10818715,0,grey
10700806,0,grey
10727924,0,grey
10884618,0,grey
10842486,0,grey
10726371,0,grey
10788439,0,grey
10778721,0,grey
10940536,2046,white
10736784,0,grey
10842344,0,grey
10757704,2046,white
10927179,0,grey
10728718,0,grey
10921311,0,grey
10921322,0,grey
10724343,2046,white
10898661,2046,white
10920089,0,grey
10870211,0,grey
10700994,0,grey
10936475,0,grey
10720878,0,grey
10764551,0,grey
10701570,0,grey
10776835,0,grey
